run_id,cell_key,case_key,case_id,model_id,regime,edit_family,gap,kind,wall_sec,cpu_tree_sec,harness_overhead_sec,python_peak_rss,cbc_peak_rss,objective,solution_status,termination_reason,ok,resource_complete,error
a37bfb24-dff2-44b0-8c7b-c8c910856562,two-echelon-jade-us|free_choice|capacity|0.0,two-echelon-jade-us|free_choice|capacity|jade-fc-capacity-66,jade-fc-capacity-66,two-echelon-jade-us,free_choice,capacity,0.0,campaign,5.984857458039187,5.622255,0.0015066259074956179,70074368,161218560,144647433.2261,optimal,optimality_proven,True,True,
a37bfb24-dff2-44b0-8c7b-c8c910856562,two-echelon-jade-us|free_choice|capacity|0.02,two-echelon-jade-us|free_choice|capacity|jade-fc-capacity-66,jade-fc-capacity-66,two-echelon-jade-us,free_choice,capacity,0.02,campaign,5.678661957965232,5.511536,0.001316083944402635,70074368,152645632,144647433.2261,optimal,optimality_proven,True,True,
a37bfb24-dff2-44b0-8c7b-c8c910856562,two-echelon-jade-us|free_choice|capacity|0.005,two-echelon-jade-us|free_choice|capacity|jade-fc-capacity-66,jade-fc-capacity-66,two-echelon-jade-us,free_choice,capacity,0.005,campaign,5.7029915830353275,5.592761,0.001918792026117444,70320128,167337984,144647433.2261,optimal,optimality_proven,True,True,
a37bfb24-dff2-44b0-8c7b-c8c910856562,two-echelon-jade-us|free_choice|capacity|0.01,two-echelon-jade-us|free_choice|capacity|jade-fc-capacity-66,jade-fc-capacity-66,two-echelon-jade-us,free_choice,capacity,0.01,campaign,5.792310749995522,5.674454,0.0015389169566333294,70074368,157810688,144647433.2261,optimal,optimality_proven,True,True,
a37bfb24-dff2-44b0-8c7b-c8c910856562,two-echelon-jade-us|free_choice|-|0.01,two-echelon-jade-us|free_choice|-|jade-fc-none-50,jade-fc-none-50,two-echelon-jade-us,free_choice,-,0.01,campaign,11.133330082986504,11.025574999999998,0.001464458997361362,70057984,179929088,175553540.5164,feasible,gap_limit,True,True,
a37bfb24-dff2-44b0-8c7b-c8c910856562,two-echelon-jade-us|free_choice|-|0.02,two-echelon-jade-us|free_choice|-|jade-fc-none-50,jade-fc-none-50,two-echelon-jade-us,free_choice,-,0.02,campaign,10.987848708056845,10.884082999999999,0.0016957499319687486,70057984,169627648,175553540.5164,feasible,gap_limit,True,True,
a37bfb24-dff2-44b0-8c7b-c8c910856562,two-echelon-jade-us|free_choice|-|0.005,two-echelon-jade-us|free_choice|-|jade-fc-none-50,jade-fc-none-50,two-echelon-jade-us,free_choice,-,0.005,campaign,11.0296035829233,10.967157,0.0017719591269269586,70172672,183844864,175553540.5164,feasible,gap_limit,True,True,
a37bfb24-dff2-44b0-8c7b-c8c910856562,two-echelon-jade-us|free_choice|-|0.0,two-echelon-jade-us|free_choice|-|jade-fc-none-50,jade-fc-none-50,two-echelon-jade-us,free_choice,-,0.0,campaign,11.449420791002922,11.203566,0.001154583995230496,70172672,198049792,175553540.5164,optimal,optimality_proven,True,True,
a37bfb24-dff2-44b0-8c7b-c8c910856562,p-median-us|forced_open|capacity|0.01,p-median-us|forced_open|capacity|pmus-fo-cap-92,pmus-fo-cap-92,p-median-us,forced_open,capacity,0.01,campaign,2.729333708062768,2.6677869999999997,0.0011863328982144594,44662784,72065024,83303553875,feasible,gap_limit,True,True,
a37bfb24-dff2-44b0-8c7b-c8c910856562,p-median-us|forced_open|capacity|0.02,p-median-us|forced_open|capacity|pmus-fo-cap-92,pmus-fo-cap-92,p-median-us,forced_open,capacity,0.02,campaign,2.705991667113267,2.6829400000000003,0.0008129169000312686,44662784,76636160,83303553875,feasible,gap_limit,True,True,
a37bfb24-dff2-44b0-8c7b-c8c910856562,p-median-us|forced_open|capacity|0.0,p-median-us|forced_open|capacity|pmus-fo-cap-92,pmus-fo-cap-92,p-median-us,forced_open,capacity,0.0,campaign,2.872614167048596,2.8069319999999998,0.0008569578640162945,44662784,83488768,83303553875,optimal,optimality_proven,True,True,
a37bfb24-dff2-44b0-8c7b-c8c910856562,p-median-us|forced_open|capacity|0.005,p-median-us|forced_open|capacity|pmus-fo-cap-92,pmus-fo-cap-92,p-median-us,forced_open,capacity,0.005,campaign,2.7018324160017073,2.686856,0.0010054180165752769,44679168,70479872,83303553875,feasible,gap_limit,True,True,
a37bfb24-dff2-44b0-8c7b-c8c910856562,p-median-brazil|forced_open|capacity|0.005,p-median-brazil|forced_open|capacity|brazil-fo-cap-155,brazil-fo-cap-155,p-median-brazil,forced_open,capacity,0.005,campaign,0.052196625038050115,0.042452000000000004,0.0011040419340133667,27820032,0,0,infeasible,infeasible,True,True,
a37bfb24-dff2-44b0-8c7b-c8c910856562,p-median-brazil|forced_open|capacity|0.0,p-median-brazil|forced_open|capacity|brazil-fo-cap-155,brazil-fo-cap-155,p-median-brazil,forced_open,capacity,0.0,campaign,0.051217125030234456,0.039665,0.0008817919297143817,27803648,0,0,infeasible,infeasible,True,True,
a37bfb24-dff2-44b0-8c7b-c8c910856562,p-median-brazil|forced_open|capacity|0.01,p-median-brazil|forced_open|capacity|brazil-fo-cap-155,brazil-fo-cap-155,p-median-brazil,forced_open,capacity,0.01,campaign,0.0556143750436604,0.041340999999999996,0.0008322079665958881,27820032,0,0,infeasible,infeasible,True,True,
a37bfb24-dff2-44b0-8c7b-c8c910856562,p-median-brazil|forced_open|capacity|0.02,p-median-brazil|forced_open|capacity|brazil-fo-cap-155,brazil-fo-cap-155,p-median-brazil,forced_open,capacity,0.02,campaign,0.05408158304635435,0.038995,0.0008517509559169412,27820032,0,0,infeasible,infeasible,True,True,
a37bfb24-dff2-44b0-8c7b-c8c910856562,p-median-us|free_choice|force|0.01,p-median-us|free_choice|force|pmus-fc-force-65,pmus-fc-force-65,p-median-us,free_choice,force,0.01,campaign,0.4791451250202954,0.42815899999999996,0.000925209023989737,44597248,51335168,24199449769,optimal,optimality_proven,True,True,
a37bfb24-dff2-44b0-8c7b-c8c910856562,p-median-us|free_choice|force|0.02,p-median-us|free_choice|force|pmus-fc-force-65,pmus-fc-force-65,p-median-us,free_choice,force,0.02,campaign,0.4862508330261335,0.43007300000000004,0.0009767920710146427,44597248,61349888,24199449769,optimal,optimality_proven,True,True,
a37bfb24-dff2-44b0-8c7b-c8c910856562,p-median-us|free_choice|force|0.005,p-median-us|free_choice|force|pmus-fc-force-65,pmus-fc-force-65,p-median-us,free_choice,force,0.005,campaign,0.4790914999321103,0.42825299999999994,0.0009439160348847508,44597248,55169024,24199449769,optimal,optimality_proven,True,True,
a37bfb24-dff2-44b0-8c7b-c8c910856562,p-median-us|free_choice|force|0.0,p-median-us|free_choice|force|pmus-fc-force-65,pmus-fc-force-65,p-median-us,free_choice,force,0.0,campaign,0.4864141249563545,0.43801499999999993,0.001080084010027349,44597248,59125760,24199449769,optimal,optimality_proven,True,True,
a37bfb24-dff2-44b0-8c7b-c8c910856562,two-echelon-jade-us|free_choice|capacity|0.005,two-echelon-jade-us|free_choice|capacity|jade-fc-capacity-144,jade-fc-capacity-144,two-echelon-jade-us,free_choice,capacity,0.005,campaign,9.007858083001338,8.911405,0.0012352080084383488,70467584,159641600,181241204.403,feasible,gap_limit,True,True,
a37bfb24-dff2-44b0-8c7b-c8c910856562,two-echelon-jade-us|free_choice|capacity|0.02,two-echelon-jade-us|free_choice|capacity|jade-fc-capacity-144,jade-fc-capacity-144,two-echelon-jade-us,free_choice,capacity,0.02,campaign,8.98455041705165,8.886482,0.0011757910251617432,70123520,181248000,181241204.403,feasible,gap_limit,True,True,
a37bfb24-dff2-44b0-8c7b-c8c910856562,two-echelon-jade-us|free_choice|capacity|0.0,two-echelon-jade-us|free_choice|capacity|jade-fc-capacity-144,jade-fc-capacity-144,two-echelon-jade-us,free_choice,capacity,0.0,campaign,9.064715042011812,8.954778,0.0011472910409793258,70123520,169582592,181241204.403,optimal,optimality_proven,True,True,
a37bfb24-dff2-44b0-8c7b-c8c910856562,two-echelon-jade-us|free_choice|capacity|0.01,two-echelon-jade-us|free_choice|capacity|jade-fc-capacity-144,jade-fc-capacity-144,two-echelon-jade-us,free_choice,capacity,0.01,campaign,8.958371250075288,8.886757999999999,0.0019144999096170068,70123520,175677440,181241204.403,feasible,gap_limit,True,True,
a37bfb24-dff2-44b0-8c7b-c8c910856562,p-median-brazil|free_choice|force|0.02,p-median-brazil|free_choice|force|brazil-fc-force-119,brazil-fc-force-119,p-median-brazil,free_choice,force,0.02,campaign,0.05574558302760124,0.042939,0.0007244999287649989,27820032,0,0,infeasible,infeasible,True,True,
a37bfb24-dff2-44b0-8c7b-c8c910856562,p-median-brazil|free_choice|force|0.005,p-median-brazil|free_choice|force|brazil-fc-force-119,brazil-fc-force-119,p-median-brazil,free_choice,force,0.005,campaign,0.051947458065114915,0.039658,0.0009111249819397926,27820032,0,0,infeasible,infeasible,True,True,
a37bfb24-dff2-44b0-8c7b-c8c910856562,p-median-brazil|free_choice|force|0.0,p-median-brazil|free_choice|force|brazil-fc-force-119,brazil-fc-force-119,p-median-brazil,free_choice,force,0.0,campaign,0.05356583301909268,0.039119,0.0008372500305995345,27820032,0,0,infeasible,infeasible,True,True,
a37bfb24-dff2-44b0-8c7b-c8c910856562,p-median-brazil|free_choice|force|0.01,p-median-brazil|free_choice|force|brazil-fc-force-119,brazil-fc-force-119,p-median-brazil,free_choice,force,0.01,campaign,0.0556580419652164,0.042459,0.0009636670583859086,27820032,0,0,infeasible,infeasible,True,True,
a37bfb24-dff2-44b0-8c7b-c8c910856562,p-median-us|forced_open|-|0.01,p-median-us|forced_open|-|pmus-fo-none-193,pmus-fo-none-193,p-median-us,forced_open,-,0.01,campaign,0.5409116669325158,0.514474,0.0009895410621538758,44597248,56545280,34561103062,optimal,optimality_proven,True,True,
a37bfb24-dff2-44b0-8c7b-c8c910856562,p-median-us|forced_open|-|0.02,p-median-us|forced_open|-|pmus-fo-none-193,pmus-fo-none-193,p-median-us,forced_open,-,0.02,campaign,0.5510314999846742,0.507103,0.0008169169304892421,44613632,56061952,34561103062,optimal,optimality_proven,True,True,
a37bfb24-dff2-44b0-8c7b-c8c910856562,p-median-us|forced_open|-|0.005,p-median-us|forced_open|-|pmus-fo-none-193,pmus-fo-none-193,p-median-us,forced_open,-,0.005,campaign,0.5494627089938149,0.51084,0.0006884579779580235,44613632,54149120,34561103062,optimal,optimality_proven,True,True,
a37bfb24-dff2-44b0-8c7b-c8c910856562,p-median-us|forced_open|-|0.0,p-median-us|forced_open|-|pmus-fo-none-193,pmus-fo-none-193,p-median-us,forced_open,-,0.0,campaign,0.5368395410478115,0.508261,0.0008025839924812317,44711936,47718400,34561103062,optimal,optimality_proven,True,True,
a37bfb24-dff2-44b0-8c7b-c8c910856562,p-median-brazil|forced_open|capacity|0.02,p-median-brazil|forced_open|capacity|brazil-fo-cap-51,brazil-fo-cap-51,p-median-brazil,forced_open,capacity,0.02,campaign,0.05567175010219216,0.040908,0.0006884158356115222,27803648,0,0,infeasible,infeasible,True,True,
a37bfb24-dff2-44b0-8c7b-c8c910856562,p-median-brazil|forced_open|capacity|0.01,p-median-brazil|forced_open|capacity|brazil-fo-cap-51,brazil-fo-cap-51,p-median-brazil,forced_open,capacity,0.01,campaign,0.05560558300931007,0.040865,0.0010095419129356742,27803648,0,0,infeasible,infeasible,True,True,
a37bfb24-dff2-44b0-8c7b-c8c910856562,p-median-brazil|forced_open|capacity|0.005,p-median-brazil|forced_open|capacity|brazil-fo-cap-51,brazil-fo-cap-51,p-median-brazil,forced_open,capacity,0.005,campaign,0.055595124955289066,0.041189,0.0009360420517623425,27803648,0,0,infeasible,infeasible,True,True,
a37bfb24-dff2-44b0-8c7b-c8c910856562,p-median-brazil|forced_open|capacity|0.0,p-median-brazil|forced_open|capacity|brazil-fo-cap-51,brazil-fo-cap-51,p-median-brazil,forced_open,capacity,0.0,campaign,0.05073362495750189,0.039157,0.0005776670295745134,27803648,0,0,infeasible,infeasible,True,True,
a37bfb24-dff2-44b0-8c7b-c8c910856562,p-median-brazil|free_choice|force|0.005,p-median-brazil|free_choice|force|brazil-fc-force-142,brazil-fc-force-142,p-median-brazil,free_choice,force,0.005,campaign,0.053733875043690205,0.03959,0.0009819999104365706,27803648,0,0,infeasible,infeasible,True,True,
a37bfb24-dff2-44b0-8c7b-c8c910856562,p-median-brazil|free_choice|force|0.02,p-median-brazil|free_choice|force|brazil-fc-force-142,brazil-fc-force-142,p-median-brazil,free_choice,force,0.02,campaign,0.055366249987855554,0.039885,0.0006106250220909715,27803648,0,0,infeasible,infeasible,True,True,
a37bfb24-dff2-44b0-8c7b-c8c910856562,p-median-brazil|free_choice|force|0.0,p-median-brazil|free_choice|force|brazil-fc-force-142,brazil-fc-force-142,p-median-brazil,free_choice,force,0.0,campaign,0.05365308397449553,0.039231999999999996,0.0006409570341929793,27803648,0,0,infeasible,infeasible,True,True,
a37bfb24-dff2-44b0-8c7b-c8c910856562,p-median-brazil|free_choice|force|0.01,p-median-brazil|free_choice|force|brazil-fc-force-142,brazil-fc-force-142,p-median-brazil,free_choice,force,0.01,campaign,0.05560970806982368,0.038914,0.0005695419386029243,27803648,0,0,infeasible,infeasible,True,True,
a37bfb24-dff2-44b0-8c7b-c8c910856562,chens-cosmetics-cn|free_choice|distance|0.0,chens-cosmetics-cn|free_choice|distance|chens-fc-distance-61,chens-fc-distance-61,chens-cosmetics-cn,free_choice,distance,0.0,campaign,0.7535549589665607,0.7347289999999999,0.00074283208232373,50380800,32194560,0,infeasible,infeasible,True,True,
a37bfb24-dff2-44b0-8c7b-c8c910856562,chens-cosmetics-cn|free_choice|distance|0.005,chens-cosmetics-cn|free_choice|distance|chens-fc-distance-61,chens-fc-distance-61,chens-cosmetics-cn,free_choice,distance,0.005,campaign,0.7554448749870062,0.7367079999999999,0.0006759579991921782,50380800,30629888,0,infeasible,infeasible,True,True,
a37bfb24-dff2-44b0-8c7b-c8c910856562,chens-cosmetics-cn|free_choice|distance|0.02,chens-cosmetics-cn|free_choice|distance|chens-fc-distance-61,chens-fc-distance-61,chens-cosmetics-cn,free_choice,distance,0.02,campaign,0.7608227910241112,0.7349030000000001,0.000979791977442801,50380800,25255936,0,infeasible,infeasible,True,True,
a37bfb24-dff2-44b0-8c7b-c8c910856562,chens-cosmetics-cn|free_choice|distance|0.01,chens-cosmetics-cn|free_choice|distance|chens-fc-distance-61,chens-fc-distance-61,chens-cosmetics-cn,free_choice,distance,0.01,campaign,0.759310208959505,0.736177,0.000741749070584774,50380800,32907264,0,infeasible,infeasible,True,True,
a37bfb24-dff2-44b0-8c7b-c8c910856562,two-echelon-jade-us|free_choice|demand|0.01,two-echelon-jade-us|free_choice|demand|jade-fc-demand-191,jade-fc-demand-191,two-echelon-jade-us,free_choice,demand,0.01,campaign,6.168969833990559,5.677630999999999,0.0011774160666391253,70107136,157847552,164997439.3201,optimal,optimality_proven,True,True,
a37bfb24-dff2-44b0-8c7b-c8c910856562,two-echelon-jade-us|free_choice|demand|0.0,two-echelon-jade-us|free_choice|demand|jade-fc-demand-191,jade-fc-demand-191,two-echelon-jade-us,free_choice,demand,0.0,campaign,5.437632417073473,5.389477,0.0011020830133929849,70107136,163086336,164997439.3201,optimal,optimality_proven,True,True,
a37bfb24-dff2-44b0-8c7b-c8c910856562,two-echelon-jade-us|free_choice|demand|0.02,two-echelon-jade-us|free_choice|demand|jade-fc-demand-191,jade-fc-demand-191,two-echelon-jade-us,free_choice,demand,0.02,campaign,5.4884995829779655,5.447711,0.0010961670195683837,70107136,177397760,164997439.3201,optimal,optimality_proven,True,True,
a37bfb24-dff2-44b0-8c7b-c8c910856562,two-echelon-jade-us|free_choice|demand|0.005,two-echelon-jade-us|free_choice|demand|jade-fc-demand-191,jade-fc-demand-191,two-echelon-jade-us,free_choice,demand,0.005,campaign,5.516422583954409,5.445015000000001,0.0010675410740077496,70107136,170655744,164997439.3201,optimal,optimality_proven,True,True,
a37bfb24-dff2-44b0-8c7b-c8c910856562,p-median-us|forced_open|-|0.02,p-median-us|forced_open|-|pmus-fo-none-101,pmus-fo-none-101,p-median-us,forced_open,-,0.02,campaign,0.5390636670636013,0.498758,0.0007935829926282167,44597248,58589184,35085992073,optimal,optimality_proven,True,True,
a37bfb24-dff2-44b0-8c7b-c8c910856562,p-median-us|forced_open|-|0.0,p-median-us|forced_open|-|pmus-fo-none-101,pmus-fo-none-101,p-median-us,forced_open,-,0.0,campaign,0.5429742078995332,0.501513,0.000809459132142365,44613632,50622464,35085992073,optimal,optimality_proven,True,True,
a37bfb24-dff2-44b0-8c7b-c8c910856562,p-median-us|forced_open|-|0.005,p-median-us|forced_open|-|pmus-fo-none-101,pmus-fo-none-101,p-median-us,forced_open,-,0.005,campaign,0.5465860000113025,0.5043949999999999,0.0008035000646486878,44613632,62504960,35085992073,optimal,optimality_proven,True,True,
a37bfb24-dff2-44b0-8c7b-c8c910856562,p-median-us|forced_open|-|0.01,p-median-us|forced_open|-|pmus-fo-none-101,pmus-fo-none-101,p-median-us,forced_open,-,0.01,campaign,0.5442751660011709,0.498033,0.0008472090121358633,44613632,57233408,35085992073,optimal,optimality_proven,True,True,
a37bfb24-dff2-44b0-8c7b-c8c910856562,two-echelon-gold-au|free_choice|demand|0.01,two-echelon-gold-au|free_choice|demand|gold-fc-demand-53,gold-fc-demand-53,two-echelon-gold-au,free_choice,demand,0.01,campaign,0.11073650000616908,0.06676699999999999,0.0007515000179409981,27983872,8998912,367122.76,optimal,optimality_proven,True,True,
a37bfb24-dff2-44b0-8c7b-c8c910856562,two-echelon-gold-au|free_choice|demand|0.02,two-echelon-gold-au|free_choice|demand|gold-fc-demand-53,gold-fc-demand-53,two-echelon-gold-au,free_choice,demand,0.02,campaign,0.10683500010054559,0.064832,0.0007336249109357595,27983872,8527872,367122.76,optimal,optimality_proven,True,True,
a37bfb24-dff2-44b0-8c7b-c8c910856562,two-echelon-gold-au|free_choice|demand|0.0,two-echelon-gold-au|free_choice|demand|gold-fc-demand-53,gold-fc-demand-53,two-echelon-gold-au,free_choice,demand,0.0,campaign,0.11072662496007979,0.065483,0.0010876670712605119,27983872,8523776,367122.76,optimal,optimality_proven,True,True,
a37bfb24-dff2-44b0-8c7b-c8c910856562,two-echelon-gold-au|free_choice|demand|0.005,two-echelon-gold-au|free_choice|demand|gold-fc-demand-53,gold-fc-demand-53,two-echelon-gold-au,free_choice,demand,0.005,campaign,0.10984666703734547,0.06573,0.000779750058427453,27983872,8527872,367122.76,optimal,optimality_proven,True,True,
a37bfb24-dff2-44b0-8c7b-c8c910856562,p-median-brazil|free_choice|-|0.005,p-median-brazil|free_choice|-|brazil-fc-none-185,brazil-fc-none-185,p-median-brazil,free_choice,-,0.005,campaign,0.055691791931167245,0.040493,0.0009572500130161643,27770880,0,0,infeasible,infeasible,True,True,
a37bfb24-dff2-44b0-8c7b-c8c910856562,p-median-brazil|free_choice|-|0.01,p-median-brazil|free_choice|-|brazil-fc-none-185,brazil-fc-none-185,p-median-brazil,free_choice,-,0.01,campaign,0.0557005419395864,0.039304,0.0008865001145750284,27770880,0,0,infeasible,infeasible,True,True,
a37bfb24-dff2-44b0-8c7b-c8c910856562,p-median-brazil|free_choice|-|0.02,p-median-brazil|free_choice|-|brazil-fc-none-185,brazil-fc-none-185,p-median-brazil,free_choice,-,0.02,campaign,0.05565558304078877,0.038804,0.0007570829475298524,27770880,0,0,infeasible,infeasible,True,True,
a37bfb24-dff2-44b0-8c7b-c8c910856562,p-median-brazil|free_choice|-|0.0,p-median-brazil|free_choice|-|brazil-fc-none-185,brazil-fc-none-185,p-median-brazil,free_choice,-,0.0,campaign,0.05554537498392165,0.039925999999999996,0.0006108749657869339,27770880,0,0,infeasible,infeasible,True,True,
a37bfb24-dff2-44b0-8c7b-c8c910856562,two-echelon-jade-us|free_choice|capacity|0.0,two-echelon-jade-us|free_choice|capacity|jade-fc-capacity-100,jade-fc-capacity-100,two-echelon-jade-us,free_choice,capacity,0.0,campaign,8.973988457932137,8.913910000000001,0.00098641705699265,70139904,186753024,181241204.403,optimal,optimality_proven,True,True,
a37bfb24-dff2-44b0-8c7b-c8c910856562,two-echelon-jade-us|free_choice|capacity|0.02,two-echelon-jade-us|free_choice|capacity|jade-fc-capacity-100,jade-fc-capacity-100,two-echelon-jade-us,free_choice,capacity,0.02,campaign,8.867488707997836,8.812671,0.001192541909404099,70139904,196886528,181241204.403,feasible,gap_limit,True,True,
a37bfb24-dff2-44b0-8c7b-c8c910856562,two-echelon-jade-us|free_choice|capacity|0.005,two-echelon-jade-us|free_choice|capacity|jade-fc-capacity-100,jade-fc-capacity-100,two-echelon-jade-us,free_choice,capacity,0.005,campaign,8.904964749934152,8.831947999999999,0.0011398340575397015,70139904,187908096,181241204.403,feasible,gap_limit,True,True,
a37bfb24-dff2-44b0-8c7b-c8c910856562,two-echelon-jade-us|free_choice|capacity|0.01,two-echelon-jade-us|free_choice|capacity|jade-fc-capacity-100,jade-fc-capacity-100,two-echelon-jade-us,free_choice,capacity,0.01,campaign,8.996804667054676,8.962123,0.0011064999271184206,70139904,177885184,181241204.403,feasible,gap_limit,True,True,
a37bfb24-dff2-44b0-8c7b-c8c910856562,two-echelon-gold-au|forced_open|-|0.005,two-echelon-gold-au|forced_open|-|gold-fo-none-199,gold-fo-none-199,two-echelon-gold-au,forced_open,-,0.005,campaign,0.11070629197638482,0.065217,0.0007673740619793534,27983872,7372800,433375.65,optimal,optimality_proven,True,True,
a37bfb24-dff2-44b0-8c7b-c8c910856562,two-echelon-gold-au|forced_open|-|0.0,two-echelon-gold-au|forced_open|-|gold-fo-none-199,gold-fo-none-199,two-echelon-gold-au,forced_open,-,0.0,campaign,0.1076645830180496,0.06223399999999999,0.0009396669920533895,27983872,7204864,433375.65,optimal,optimality_proven,True,True,
a37bfb24-dff2-44b0-8c7b-c8c910856562,two-echelon-gold-au|forced_open|-|0.01,two-echelon-gold-au|forced_open|-|gold-fo-none-199,gold-fo-none-199,two-echelon-gold-au,forced_open,-,0.01,campaign,0.10398008394986391,0.061035,0.0010041659697890282,27983872,7204864,433375.65,optimal,optimality_proven,True,True,
a37bfb24-dff2-44b0-8c7b-c8c910856562,two-echelon-gold-au|forced_open|-|0.02,two-echelon-gold-au|forced_open|-|gold-fo-none-199,gold-fo-none-199,two-echelon-gold-au,forced_open,-,0.02,campaign,0.16239116608630866,0.09265,0.009203208959661424,28229632,8040448,433375.65,optimal,optimality_proven,True,True,
a37bfb24-dff2-44b0-8c7b-c8c910856562,chens-cosmetics-cn|free_choice|-|0.02,chens-cosmetics-cn|free_choice|-|chens-fc-none-115,chens-fc-none-115,chens-cosmetics-cn,free_choice,-,0.02,campaign,0.8683924169745296,0.765865,0.0011562490835785866,50266112,24977408,0,infeasible,infeasible,True,True,
a37bfb24-dff2-44b0-8c7b-c8c910856562,chens-cosmetics-cn|free_choice|-|0.01,chens-cosmetics-cn|free_choice|-|chens-fc-none-115,chens-fc-none-115,chens-cosmetics-cn,free_choice,-,0.01,campaign,0.7708816250087693,0.714191,0.0007872080896049738,50348032,33374208,0,infeasible,infeasible,True,True,
a37bfb24-dff2-44b0-8c7b-c8c910856562,chens-cosmetics-cn|free_choice|-|0.005,chens-cosmetics-cn|free_choice|-|chens-fc-none-115,chens-fc-none-115,chens-cosmetics-cn,free_choice,-,0.005,campaign,0.7158367920201272,0.7014309999999999,0.0007966250414028764,50348032,24825856,0,infeasible,infeasible,True,True,
a37bfb24-dff2-44b0-8c7b-c8c910856562,chens-cosmetics-cn|free_choice|-|0.0,chens-cosmetics-cn|free_choice|-|chens-fc-none-115,chens-fc-none-115,chens-cosmetics-cn,free_choice,-,0.0,campaign,0.7156246670056134,0.6978909999999999,0.0012190419947728515,50348032,26222592,0,infeasible,infeasible,True,True,
a37bfb24-dff2-44b0-8c7b-c8c910856562,p-median-us|free_choice|-|0.0,p-median-us|free_choice|-|pmus-fc-none-61,pmus-fc-none-61,p-median-us,free_choice,-,0.0,campaign,0.5442144169937819,0.524361,0.0011895829811692238,44597248,54857728,29873735731,optimal,optimality_proven,True,True,
a37bfb24-dff2-44b0-8c7b-c8c910856562,p-median-us|free_choice|-|0.005,p-median-us|free_choice|-|pmus-fc-none-61,pmus-fc-none-61,p-median-us,free_choice,-,0.005,campaign,0.5425807499559596,0.523103,0.001004124991595745,44597248,51212288,29873735731,optimal,optimality_proven,True,True,
a37bfb24-dff2-44b0-8c7b-c8c910856562,p-median-us|free_choice|-|0.02,p-median-us|free_choice|-|pmus-fc-none-61,pmus-fc-none-61,p-median-us,free_choice,-,0.02,campaign,0.54544266697485,0.5294749999999999,0.0007092079613357782,44613632,62271488,29873735731,optimal,optimality_proven,True,True,
a37bfb24-dff2-44b0-8c7b-c8c910856562,p-median-us|free_choice|-|0.01,p-median-us|free_choice|-|pmus-fc-none-61,pmus-fc-none-61,p-median-us,free_choice,-,0.01,campaign,0.5474974580574781,0.5247879999999999,0.0011966259917244315,44613632,53731328,29873735731,optimal,optimality_proven,True,True,
a37bfb24-dff2-44b0-8c7b-c8c910856562,two-echelon-jade-us|free_choice|demand|0.0,two-echelon-jade-us|free_choice|demand|jade-fc-demand-71,jade-fc-demand-71,two-echelon-jade-us,free_choice,demand,0.0,campaign,5.436527792015113,5.396358,0.0011814169120043516,70139904,182845440,164997439.3201,optimal,optimality_proven,True,True,
a37bfb24-dff2-44b0-8c7b-c8c910856562,two-echelon-jade-us|free_choice|demand|0.02,two-echelon-jade-us|free_choice|demand|jade-fc-demand-71,jade-fc-demand-71,two-echelon-jade-us,free_choice,demand,0.02,campaign,5.421353708021343,5.3874390000000005,0.0008743749931454659,70139904,189636608,164997439.3201,optimal,optimality_proven,True,True,
a37bfb24-dff2-44b0-8c7b-c8c910856562,two-echelon-jade-us|free_choice|demand|0.01,two-echelon-jade-us|free_choice|demand|jade-fc-demand-71,jade-fc-demand-71,two-echelon-jade-us,free_choice,demand,0.01,campaign,5.453258708002977,5.4209689999999995,0.0013752500526607037,70139904,186298368,164997439.3201,optimal,optimality_proven,True,True,
a37bfb24-dff2-44b0-8c7b-c8c910856562,two-echelon-jade-us|free_choice|demand|0.005,two-echelon-jade-us|free_choice|demand|jade-fc-demand-71,jade-fc-demand-71,two-echelon-jade-us,free_choice,demand,0.005,campaign,5.559393333038315,5.459384,0.0013664589496329427,70139904,177238016,164997439.3201,optimal,optimality_proven,True,True,
a37bfb24-dff2-44b0-8c7b-c8c910856562,two-echelon-jade-us|free_choice|distance|0.02,two-echelon-jade-us|free_choice|distance|jade-fc-distance-102,jade-fc-distance-102,two-echelon-jade-us,free_choice,distance,0.02,campaign,6.502003333065659,6.288214,0.0015024999156594276,70172672,200347648,169061531.3691,optimal,optimality_proven,True,True,
a37bfb24-dff2-44b0-8c7b-c8c910856562,two-echelon-jade-us|free_choice|distance|0.005,two-echelon-jade-us|free_choice|distance|jade-fc-distance-102,jade-fc-distance-102,two-echelon-jade-us,free_choice,distance,0.005,campaign,6.251106542069465,6.173544000000001,0.0014769579283893108,70172672,188936192,169061531.3691,optimal,optimality_proven,True,True,
a37bfb24-dff2-44b0-8c7b-c8c910856562,two-echelon-jade-us|free_choice|distance|0.01,two-echelon-jade-us|free_choice|distance|jade-fc-distance-102,jade-fc-distance-102,two-echelon-jade-us,free_choice,distance,0.01,campaign,6.2113957909168676,6.1461190000000006,0.0036123760510236025,70172672,196059136,169061531.3691,optimal,optimality_proven,True,True,
a37bfb24-dff2-44b0-8c7b-c8c910856562,two-echelon-jade-us|free_choice|distance|0.0,two-echelon-jade-us|free_choice|distance|jade-fc-distance-102,jade-fc-distance-102,two-echelon-jade-us,free_choice,distance,0.0,campaign,6.266382583999075,6.197861,0.0009879580466076732,70172672,187568128,169061531.3691,optimal,optimality_proven,True,True,
a37bfb24-dff2-44b0-8c7b-c8c910856562,chens-cosmetics-cn|free_choice|distance|0.01,chens-cosmetics-cn|free_choice|distance|chens-fc-distance-112,chens-fc-distance-112,chens-cosmetics-cn,free_choice,distance,0.01,campaign,0.815121958963573,0.7705259999999999,0.0012606660602614284,50429952,28594176,0,infeasible,infeasible,True,True,
a37bfb24-dff2-44b0-8c7b-c8c910856562,chens-cosmetics-cn|free_choice|distance|0.005,chens-cosmetics-cn|free_choice|distance|chens-fc-distance-112,chens-fc-distance-112,chens-cosmetics-cn,free_choice,distance,0.005,campaign,0.8168781249551103,0.7647229999999999,0.0012644999660551548,50429952,28864512,0,infeasible,infeasible,True,True,
a37bfb24-dff2-44b0-8c7b-c8c910856562,chens-cosmetics-cn|free_choice|distance|0.0,chens-cosmetics-cn|free_choice|distance|chens-fc-distance-112,chens-fc-distance-112,chens-cosmetics-cn,free_choice,distance,0.0,campaign,0.8227645000442863,0.771647,0.0016452500130981207,50429952,27000832,0,infeasible,infeasible,True,True,
a37bfb24-dff2-44b0-8c7b-c8c910856562,chens-cosmetics-cn|free_choice|distance|0.02,chens-cosmetics-cn|free_choice|distance|chens-fc-distance-112,chens-fc-distance-112,chens-cosmetics-cn,free_choice,distance,0.02,campaign,0.8186134160496294,0.7676759999999999,0.0007737919222563505,50429952,30461952,0,infeasible,infeasible,True,True,
a37bfb24-dff2-44b0-8c7b-c8c910856562,chens-cosmetics-cn|free_choice|force|0.01,chens-cosmetics-cn|free_choice|force|chens-fc-force-191,chens-fc-force-191,chens-cosmetics-cn,free_choice,force,0.01,campaign,0.7641723749693483,0.7325179999999999,0.0007015421288087964,49643520,28090368,0,infeasible,infeasible,True,True,
a37bfb24-dff2-44b0-8c7b-c8c910856562,chens-cosmetics-cn|free_choice|force|0.02,chens-cosmetics-cn|free_choice|force|chens-fc-force-191,chens-fc-force-191,chens-cosmetics-cn,free_choice,force,0.02,campaign,0.7621875000186265,0.7316760000000001,0.0012267909478396177,49643520,29069312,0,infeasible,infeasible,True,True,
a37bfb24-dff2-44b0-8c7b-c8c910856562,chens-cosmetics-cn|free_choice|force|0.0,chens-cosmetics-cn|free_choice|force|chens-fc-force-191,chens-fc-force-191,chens-cosmetics-cn,free_choice,force,0.0,campaign,0.7695728749968112,0.733277,0.0009970000246539712,49643520,25767936,0,infeasible,infeasible,True,True,
a37bfb24-dff2-44b0-8c7b-c8c910856562,chens-cosmetics-cn|free_choice|force|0.005,chens-cosmetics-cn|free_choice|force|chens-fc-force-191,chens-fc-force-191,chens-cosmetics-cn,free_choice,force,0.005,campaign,0.7594250419642776,0.734227,0.00120937405154109,49643520,28798976,0,infeasible,infeasible,True,True,
a37bfb24-dff2-44b0-8c7b-c8c910856562,transport-coal|free_choice|capacity|0.005,transport-coal|free_choice|capacity|coal-fc-capacity-157,coal-fc-capacity-157,transport-coal,free_choice,capacity,0.005,campaign,0.11072279198560864,0.06273999999999999,0.0007420830661430955,28065792,6103040,0,infeasible,infeasible,True,True,
a37bfb24-dff2-44b0-8c7b-c8c910856562,transport-coal|free_choice|capacity|0.0,transport-coal|free_choice|capacity|coal-fc-capacity-157,coal-fc-capacity-157,transport-coal,free_choice,capacity,0.0,campaign,0.10936787503305823,0.06025199999999999,0.0008655829587951303,28065792,6025216,0,infeasible,infeasible,True,True,
a37bfb24-dff2-44b0-8c7b-c8c910856562,transport-coal|free_choice|capacity|0.01,transport-coal|free_choice|capacity|coal-fc-capacity-157,coal-fc-capacity-157,transport-coal,free_choice,capacity,0.01,campaign,0.10777404205873609,0.059756,0.0007234158692881465,28065792,6025216,0,infeasible,infeasible,True,True,
a37bfb24-dff2-44b0-8c7b-c8c910856562,transport-coal|free_choice|capacity|0.02,transport-coal|free_choice|capacity|coal-fc-capacity-157,coal-fc-capacity-157,transport-coal,free_choice,capacity,0.02,campaign,0.107471292023547,0.05964399999999999,0.0006758749950677156,28065792,6025216,0,infeasible,infeasible,True,True,
a37bfb24-dff2-44b0-8c7b-c8c910856562,two-echelon-gold-au|free_choice|-|0.02,two-echelon-gold-au|free_choice|-|gold-fc-none-20,gold-fc-none-20,two-echelon-gold-au,free_choice,-,0.02,campaign,0.10824391699861735,0.06659799999999999,0.001029832987114787,28016640,8523776,386576.99,optimal,optimality_proven,True,True,
a37bfb24-dff2-44b0-8c7b-c8c910856562,two-echelon-gold-au|free_choice|-|0.005,two-echelon-gold-au|free_choice|-|gold-fc-none-20,gold-fc-none-20,two-echelon-gold-au,free_choice,-,0.005,campaign,0.11070137505885214,0.06499400000000001,0.000717666931450367,28016640,8527872,386576.99,optimal,optimality_proven,True,True,
a37bfb24-dff2-44b0-8c7b-c8c910856562,two-echelon-gold-au|free_choice|-|0.01,two-echelon-gold-au|free_choice|-|gold-fc-none-20,gold-fc-none-20,two-echelon-gold-au,free_choice,-,0.01,campaign,0.10923125001136214,0.06490299999999999,0.002422999939881265,28016640,8523776,386576.99,optimal,optimality_proven,True,True,
a37bfb24-dff2-44b0-8c7b-c8c910856562,two-echelon-gold-au|free_choice|-|0.0,two-echelon-gold-au|free_choice|-|gold-fc-none-20,gold-fc-none-20,two-echelon-gold-au,free_choice,-,0.0,campaign,0.11029858398251235,0.06695999999999999,0.0009458749555051327,28016640,8523776,386576.99,optimal,optimality_proven,True,True,
a37bfb24-dff2-44b0-8c7b-c8c910856562,two-echelon-gold-au|free_choice|force|0.01,two-echelon-gold-au|free_choice|force|gold-fc-force-178,gold-fc-force-178,two-echelon-gold-au,free_choice,force,0.01,campaign,0.11075079103466123,0.062549,0.0006897089770063758,28033024,7204864,398892.43,optimal,optimality_proven,True,True,
a37bfb24-dff2-44b0-8c7b-c8c910856562,two-echelon-gold-au|free_choice|force|0.0,two-echelon-gold-au|free_choice|force|gold-fc-force-178,gold-fc-force-178,two-echelon-gold-au,free_choice,force,0.0,campaign,0.11070341593585908,0.063475,0.0006770429899916053,28033024,7204864,398892.43,optimal,optimality_proven,True,True,
a37bfb24-dff2-44b0-8c7b-c8c910856562,two-echelon-gold-au|free_choice|force|0.02,two-echelon-gold-au|free_choice|force|gold-fc-force-178,gold-fc-force-178,two-echelon-gold-au,free_choice,force,0.02,campaign,0.15926650003530085,0.081006,0.007420958019793034,28033024,8101888,398892.43,optimal,optimality_proven,True,True,
a37bfb24-dff2-44b0-8c7b-c8c910856562,two-echelon-gold-au|free_choice|force|0.005,two-echelon-gold-au|free_choice|force|gold-fc-force-178,gold-fc-force-178,two-echelon-gold-au,free_choice,force,0.005,campaign,0.21176008298061788,0.095848,0.00393499992787838,28262400,7770112,398892.43,optimal,optimality_proven,True,True,
a37bfb24-dff2-44b0-8c7b-c8c910856562,two-echelon-gold-au|forced_open|-|0.0,two-echelon-gold-au|forced_open|-|gold-fo-none-165,gold-fo-none-165,two-echelon-gold-au,forced_open,-,0.0,campaign,0.10669799998868257,0.07500300000000001,0.0008775000460445881,28196864,7208960,398892.43,optimal,optimality_proven,True,True,
a37bfb24-dff2-44b0-8c7b-c8c910856562,two-echelon-gold-au|forced_open|-|0.01,two-echelon-gold-au|forced_open|-|gold-fo-none-165,gold-fo-none-165,two-echelon-gold-au,forced_open,-,0.01,campaign,0.10882429196499288,0.06337,0.0009607080137357116,28033024,7208960,398892.43,optimal,optimality_proven,True,True,
a37bfb24-dff2-44b0-8c7b-c8c910856562,two-echelon-gold-au|forced_open|-|0.02,two-echelon-gold-au|forced_open|-|gold-fo-none-165,gold-fo-none-165,two-echelon-gold-au,forced_open,-,0.02,campaign,0.11061670805793256,0.06278500000000001,0.0006583340000361204,28033024,7200768,398892.43,optimal,optimality_proven,True,True,
a37bfb24-dff2-44b0-8c7b-c8c910856562,two-echelon-gold-au|forced_open|-|0.005,two-echelon-gold-au|forced_open|-|gold-fo-none-165,gold-fo-none-165,two-echelon-gold-au,forced_open,-,0.005,campaign,0.11066795897204429,0.065048,0.0006999570177868009,28033024,7208960,398892.43,optimal,optimality_proven,True,True,
a37bfb24-dff2-44b0-8c7b-c8c910856562,two-echelon-jade-us|free_choice|distance|0.02,two-echelon-jade-us|free_choice|distance|jade-fc-distance-51,jade-fc-distance-51,two-echelon-jade-us,free_choice,distance,0.02,campaign,5.4428669170010835,5.37707,0.0009817919926717877,70189056,179675136,165728606.0342,optimal,optimality_proven,True,True,
a37bfb24-dff2-44b0-8c7b-c8c910856562,two-echelon-jade-us|free_choice|distance|0.0,two-echelon-jade-us|free_choice|distance|jade-fc-distance-51,jade-fc-distance-51,two-echelon-jade-us,free_choice,distance,0.0,campaign,5.330194083042443,5.283981000000001,0.0010819998569786549,70205440,178216960,165728606.0342,optimal,optimality_proven,True,True,
a37bfb24-dff2-44b0-8c7b-c8c910856562,two-echelon-jade-us|free_choice|distance|0.005,two-echelon-jade-us|free_choice|distance|jade-fc-distance-51,jade-fc-distance-51,two-echelon-jade-us,free_choice,distance,0.005,campaign,5.324303083005361,5.275117,0.0010317089036107063,70205440,188469248,165728606.0342,optimal,optimality_proven,True,True,
a37bfb24-dff2-44b0-8c7b-c8c910856562,two-echelon-jade-us|free_choice|distance|0.01,two-echelon-jade-us|free_choice|distance|jade-fc-distance-51,jade-fc-distance-51,two-echelon-jade-us,free_choice,distance,0.01,campaign,5.510472666006535,5.45723,0.0011711670085787773,70189056,186380288,165728606.0342,optimal,optimality_proven,True,True,
a37bfb24-dff2-44b0-8c7b-c8c910856562,chens-cosmetics-cn|free_choice|distance|0.02,chens-cosmetics-cn|free_choice|distance|chens-fc-distance-134,chens-fc-distance-134,chens-cosmetics-cn,free_choice,distance,0.02,campaign,0.7145242500118911,0.684069,0.000687291962094605,50446336,27586560,0,infeasible,infeasible,True,True,
a37bfb24-dff2-44b0-8c7b-c8c910856562,chens-cosmetics-cn|free_choice|distance|0.0,chens-cosmetics-cn|free_choice|distance|chens-fc-distance-134,chens-fc-distance-134,chens-cosmetics-cn,free_choice,distance,0.0,campaign,0.7086230420973152,0.6950149999999999,0.005410749930888414,50446336,34742272,0,infeasible,infeasible,True,True,
a37bfb24-dff2-44b0-8c7b-c8c910856562,chens-cosmetics-cn|free_choice|distance|0.01,chens-cosmetics-cn|free_choice|distance|chens-fc-distance-134,chens-fc-distance-134,chens-cosmetics-cn,free_choice,distance,0.01,campaign,0.7624555421061814,0.689357,0.0007269579218700528,50446336,28143616,0,infeasible,infeasible,True,True,
a37bfb24-dff2-44b0-8c7b-c8c910856562,chens-cosmetics-cn|free_choice|distance|0.005,chens-cosmetics-cn|free_choice|distance|chens-fc-distance-134,chens-fc-distance-134,chens-cosmetics-cn,free_choice,distance,0.005,campaign,0.7068472920218483,0.689303,0.0015654999297112226,50446336,29552640,0,infeasible,infeasible,True,True,
a37bfb24-dff2-44b0-8c7b-c8c910856562,two-echelon-jade-us|free_choice|distance|0.01,two-echelon-jade-us|free_choice|distance|jade-fc-distance-108,jade-fc-distance-108,two-echelon-jade-us,free_choice,distance,0.01,campaign,8.482447333051823,8.371684,0.002712458954192698,70205440,185004032,181994572.1744,optimal,optimality_proven,True,True,
a37bfb24-dff2-44b0-8c7b-c8c910856562,two-echelon-jade-us|free_choice|distance|0.02,two-echelon-jade-us|free_choice|distance|jade-fc-distance-108,jade-fc-distance-108,two-echelon-jade-us,free_choice,distance,0.02,campaign,8.459871750092134,8.376119,0.0014265829231590033,70205440,175788032,181994572.1744,optimal,optimality_proven,True,True,
a37bfb24-dff2-44b0-8c7b-c8c910856562,two-echelon-jade-us|free_choice|distance|0.0,two-echelon-jade-us|free_choice|distance|jade-fc-distance-108,jade-fc-distance-108,two-echelon-jade-us,free_choice,distance,0.0,campaign,8.46970891696401,8.389498000000001,0.0015568750677630305,70205440,163049472,181994572.1744,optimal,optimality_proven,True,True,
a37bfb24-dff2-44b0-8c7b-c8c910856562,two-echelon-jade-us|free_choice|distance|0.005,two-echelon-jade-us|free_choice|distance|jade-fc-distance-108,jade-fc-distance-108,two-echelon-jade-us,free_choice,distance,0.005,campaign,8.463564584031701,8.415398999999999,0.0013467910466715693,70205440,182439936,181994572.1744,optimal,optimality_proven,True,True,
a37bfb24-dff2-44b0-8c7b-c8c910856562,p-median-brazil|free_choice|force|0.01,p-median-brazil|free_choice|force|brazil-fc-force-7,brazil-fc-force-7,p-median-brazil,free_choice,force,0.01,campaign,0.05585795803926885,0.04286999999999999,0.000664791907183826,27820032,0,0,infeasible,infeasible,True,True,
a37bfb24-dff2-44b0-8c7b-c8c910856562,p-median-brazil|free_choice|force|0.0,p-median-brazil|free_choice|force|brazil-fc-force-7,brazil-fc-force-7,p-median-brazil,free_choice,force,0.0,campaign,0.05555787496268749,0.038773999999999996,0.0008872500620782375,27820032,0,0,infeasible,infeasible,True,True,
a37bfb24-dff2-44b0-8c7b-c8c910856562,p-median-brazil|free_choice|force|0.02,p-median-brazil|free_choice|force|brazil-fc-force-7,brazil-fc-force-7,p-median-brazil,free_choice,force,0.02,campaign,0.05562891694717109,0.039556999999999995,0.0006875831168144941,27820032,0,0,infeasible,infeasible,True,True,
a37bfb24-dff2-44b0-8c7b-c8c910856562,p-median-brazil|free_choice|force|0.005,p-median-brazil|free_choice|force|brazil-fc-force-7,brazil-fc-force-7,p-median-brazil,free_choice,force,0.005,campaign,0.05151429201941937,0.038619,0.0008724579820409417,27820032,0,0,infeasible,infeasible,True,True,
a37bfb24-dff2-44b0-8c7b-c8c910856562,two-echelon-gold-au|forced_open|-|0.01,two-echelon-gold-au|forced_open|-|gold-fo-none-173,gold-fo-none-173,two-echelon-gold-au,forced_open,-,0.01,campaign,0.10976891696918756,0.062568,0.0008740830235183239,28033024,7204864,418597.12,optimal,optimality_proven,True,True,
a37bfb24-dff2-44b0-8c7b-c8c910856562,two-echelon-gold-au|forced_open|-|0.0,two-echelon-gold-au|forced_open|-|gold-fo-none-173,gold-fo-none-173,two-echelon-gold-au,forced_open,-,0.0,campaign,0.10948600003030151,0.062061,0.000654041999951005,28033024,7196672,418597.12,optimal,optimality_proven,True,True,
a37bfb24-dff2-44b0-8c7b-c8c910856562,two-echelon-gold-au|forced_open|-|0.02,two-echelon-gold-au|forced_open|-|gold-fo-none-173,gold-fo-none-173,two-echelon-gold-au,forced_open,-,0.02,campaign,0.1106931249378249,0.061648999999999995,0.0006489581428468227,28033024,7204864,418597.12,optimal,optimality_proven,True,True,
a37bfb24-dff2-44b0-8c7b-c8c910856562,two-echelon-gold-au|forced_open|-|0.005,two-echelon-gold-au|forced_open|-|gold-fo-none-173,gold-fo-none-173,two-echelon-gold-au,forced_open,-,0.005,campaign,0.11065954202786088,0.062092,0.000642125029116869,28033024,7204864,418597.12,optimal,optimality_proven,True,True,
a37bfb24-dff2-44b0-8c7b-c8c910856562,p-median-brazil|free_choice|force|0.01,p-median-brazil|free_choice|force|brazil-fc-force-168,brazil-fc-force-168,p-median-brazil,free_choice,force,0.01,campaign,0.05567566701211035,0.03972199999999999,0.0011377920163795352,27836416,0,0,infeasible,infeasible,True,True,
a37bfb24-dff2-44b0-8c7b-c8c910856562,p-median-brazil|free_choice|force|0.005,p-median-brazil|free_choice|force|brazil-fc-force-168,brazil-fc-force-168,p-median-brazil,free_choice,force,0.005,campaign,0.055634999996982515,0.040103,0.0009100419702008367,27836416,0,0,infeasible,infeasible,True,True,
a37bfb24-dff2-44b0-8c7b-c8c910856562,p-median-brazil|free_choice|force|0.02,p-median-brazil|free_choice|force|brazil-fc-force-168,brazil-fc-force-168,p-median-brazil,free_choice,force,0.02,campaign,0.052238999982364476,0.04008,0.0013679999392479658,27836416,0,0,infeasible,infeasible,True,True,
a37bfb24-dff2-44b0-8c7b-c8c910856562,p-median-brazil|free_choice|force|0.0,p-median-brazil|free_choice|force|brazil-fc-force-168,brazil-fc-force-168,p-median-brazil,free_choice,force,0.0,campaign,0.21289854205679148,0.073945,0.002326373942196369,27852800,0,0,infeasible,infeasible,True,True,
a37bfb24-dff2-44b0-8c7b-c8c910856562,p-median-us|free_choice|-|0.02,p-median-us|free_choice|-|pmus-fc-none-127,pmus-fc-none-127,p-median-us,free_choice,-,0.02,campaign,0.6485374169424176,0.582656,0.0030697910115122795,44744704,51757056,29873735731,optimal,optimality_proven,True,True,
a37bfb24-dff2-44b0-8c7b-c8c910856562,p-median-us|free_choice|-|0.0,p-median-us|free_choice|-|pmus-fc-none-127,pmus-fc-none-127,p-median-us,free_choice,-,0.0,campaign,0.5403859170619398,0.5264,0.0012032078811898828,44646400,54661120,29873735731,optimal,optimality_proven,True,True,
a37bfb24-dff2-44b0-8c7b-c8c910856562,p-median-us|free_choice|-|0.01,p-median-us|free_choice|-|pmus-fc-none-127,pmus-fc-none-127,p-median-us,free_choice,-,0.01,campaign,0.5508743340615183,0.524431,0.0010625829454511404,44646400,52297728,29873735731,optimal,optimality_proven,True,True,
a37bfb24-dff2-44b0-8c7b-c8c910856562,p-median-us|free_choice|-|0.005,p-median-us|free_choice|-|pmus-fc-none-127,pmus-fc-none-127,p-median-us,free_choice,-,0.005,campaign,0.5482963329413906,0.527214,0.0006910830270498991,44646400,50081792,29873735731,optimal,optimality_proven,True,True,
a37bfb24-dff2-44b0-8c7b-c8c910856562,chens-cosmetics-cn|free_choice|force|0.0,chens-cosmetics-cn|free_choice|force|chens-fc-force-31,chens-fc-force-31,chens-cosmetics-cn,free_choice,force,0.0,campaign,0.7652424999978393,0.7305099999999999,0.000691792112775147,49676288,28360704,0,infeasible,infeasible,True,True,
a37bfb24-dff2-44b0-8c7b-c8c910856562,chens-cosmetics-cn|free_choice|force|0.02,chens-cosmetics-cn|free_choice|force|chens-fc-force-31,chens-fc-force-31,chens-cosmetics-cn,free_choice,force,0.02,campaign,0.7676681249868125,0.7393599999999999,0.001235709059983492,49659904,29327360,0,infeasible,infeasible,True,True,
a37bfb24-dff2-44b0-8c7b-c8c910856562,chens-cosmetics-cn|free_choice|force|0.005,chens-cosmetics-cn|free_choice|force|chens-fc-force-31,chens-fc-force-31,chens-cosmetics-cn,free_choice,force,0.005,campaign,0.7625168750528246,0.7327600000000001,0.0007869169348850846,49659904,25653248,0,infeasible,infeasible,True,True,
a37bfb24-dff2-44b0-8c7b-c8c910856562,chens-cosmetics-cn|free_choice|force|0.01,chens-cosmetics-cn|free_choice|force|chens-fc-force-31,chens-fc-force-31,chens-cosmetics-cn,free_choice,force,0.01,campaign,0.7689218750456348,0.730353,0.0010727079352363944,49676288,28356608,0,infeasible,infeasible,True,True,
a37bfb24-dff2-44b0-8c7b-c8c910856562,p-median-brazil|forced_open|-|0.0,p-median-brazil|forced_open|-|brazil-fo-none-54,brazil-fo-none-54,p-median-brazil,forced_open,-,0.0,campaign,0.05492004205007106,0.040665999999999994,0.000968958018347621,27885568,0,0,infeasible,infeasible,True,True,
a37bfb24-dff2-44b0-8c7b-c8c910856562,p-median-brazil|forced_open|-|0.02,p-median-brazil|forced_open|-|brazil-fo-none-54,brazil-fo-none-54,p-median-brazil,forced_open,-,0.02,campaign,0.055662875063717365,0.039088,0.0006087908986955881,27901952,0,0,infeasible,infeasible,True,True,
a37bfb24-dff2-44b0-8c7b-c8c910856562,p-median-brazil|forced_open|-|0.005,p-median-brazil|forced_open|-|brazil-fo-none-54,brazil-fo-none-54,p-median-brazil,forced_open,-,0.005,campaign,0.052909958991222084,0.038991,0.0007767080096527934,27901952,0,0,infeasible,infeasible,True,True,
a37bfb24-dff2-44b0-8c7b-c8c910856562,p-median-brazil|forced_open|-|0.01,p-median-brazil|forced_open|-|brazil-fo-none-54,brazil-fo-none-54,p-median-brazil,forced_open,-,0.01,campaign,0.05566491698846221,0.039887,0.0008148330962285399,27885568,0,0,infeasible,infeasible,True,True,
a37bfb24-dff2-44b0-8c7b-c8c910856562,two-echelon-jade-us|free_choice|capacity|0.02,two-echelon-jade-us|free_choice|capacity|jade-fc-capacity-166,jade-fc-capacity-166,two-echelon-jade-us,free_choice,capacity,0.02,campaign,5.497151083080098,5.409359,0.0009653338929638267,70205440,195993600,144647433.2261,optimal,optimality_proven,True,True,
a37bfb24-dff2-44b0-8c7b-c8c910856562,two-echelon-jade-us|free_choice|capacity|0.01,two-echelon-jade-us|free_choice|capacity|jade-fc-capacity-166,jade-fc-capacity-166,two-echelon-jade-us,free_choice,capacity,0.01,campaign,5.39695245900657,5.353409,0.0008650410454720259,70205440,176476160,144647433.2261,optimal,optimality_proven,True,True,
a37bfb24-dff2-44b0-8c7b-c8c910856562,two-echelon-jade-us|free_choice|capacity|0.0,two-echelon-jade-us|free_choice|capacity|jade-fc-capacity-166,jade-fc-capacity-166,two-echelon-jade-us,free_choice,capacity,0.0,campaign,5.397118165972643,5.352947,0.0008895419305190444,70205440,173129728,144647433.2261,optimal,optimality_proven,True,True,
a37bfb24-dff2-44b0-8c7b-c8c910856562,two-echelon-jade-us|free_choice|capacity|0.005,two-echelon-jade-us|free_choice|capacity|jade-fc-capacity-166,jade-fc-capacity-166,two-echelon-jade-us,free_choice,capacity,0.005,campaign,5.498278082930483,5.429754,0.0010223330464214087,70205440,158294016,144647433.2261,optimal,optimality_proven,True,True,
a37bfb24-dff2-44b0-8c7b-c8c910856562,transport-coal|free_choice|distance|0.02,transport-coal|free_choice|distance|coal-fc-distance-113,coal-fc-distance-113,transport-coal,free_choice,distance,0.02,campaign,0.11083537503145635,0.06207599999999999,0.0007997918874025345,28147712,6148096,39355300000,optimal,optimality_proven,True,True,
a37bfb24-dff2-44b0-8c7b-c8c910856562,transport-coal|free_choice|distance|0.01,transport-coal|free_choice|distance|coal-fc-distance-113,coal-fc-distance-113,transport-coal,free_choice,distance,0.01,campaign,0.11077104194555432,0.059971,0.0007921671494841576,28147712,6025216,39355300000,optimal,optimality_proven,True,True,
a37bfb24-dff2-44b0-8c7b-c8c910856562,transport-coal|free_choice|distance|0.0,transport-coal|free_choice|distance|coal-fc-distance-113,coal-fc-distance-113,transport-coal,free_choice,distance,0.0,campaign,0.11078950006049126,0.060834,0.0007955419132485986,28147712,6029312,39355300000,optimal,optimality_proven,True,True,
a37bfb24-dff2-44b0-8c7b-c8c910856562,transport-coal|free_choice|distance|0.005,transport-coal|free_choice|distance|coal-fc-distance-113,coal-fc-distance-113,transport-coal,free_choice,distance,0.005,campaign,0.11074941698461771,0.06031999999999999,0.0007214579964056611,28164096,6029312,39355300000,optimal,optimality_proven,True,True,
a37bfb24-dff2-44b0-8c7b-c8c910856562,chens-cosmetics-cn|free_choice|distance|0.005,chens-cosmetics-cn|free_choice|distance|chens-fc-distance-131,chens-fc-distance-131,chens-cosmetics-cn,free_choice,distance,0.005,campaign,0.9305527500109747,0.812766,0.0007479160558432341,47448064,26071040,0,infeasible,infeasible,True,True,
a37bfb24-dff2-44b0-8c7b-c8c910856562,chens-cosmetics-cn|free_choice|distance|0.0,chens-cosmetics-cn|free_choice|distance|chens-fc-distance-131,chens-fc-distance-131,chens-cosmetics-cn,free_choice,distance,0.0,campaign,0.8187887920066714,0.781064,0.0007325418991968036,50495488,30732288,0,infeasible,infeasible,True,True,
a37bfb24-dff2-44b0-8c7b-c8c910856562,chens-cosmetics-cn|free_choice|distance|0.02,chens-cosmetics-cn|free_choice|distance|chens-fc-distance-131,chens-fc-distance-131,chens-cosmetics-cn,free_choice,distance,0.02,campaign,0.8186108749359846,0.772948,0.0010582080576568842,50495488,28741632,0,infeasible,infeasible,True,True,
a37bfb24-dff2-44b0-8c7b-c8c910856562,chens-cosmetics-cn|free_choice|distance|0.01,chens-cosmetics-cn|free_choice|distance|chens-fc-distance-131,chens-fc-distance-131,chens-cosmetics-cn,free_choice,distance,0.01,campaign,0.8132743329042569,0.773554,0.0007620011456310749,50495488,25116672,0,infeasible,infeasible,True,True,
a37bfb24-dff2-44b0-8c7b-c8c910856562,two-echelon-gold-au|free_choice|demand|0.02,two-echelon-gold-au|free_choice|demand|gold-fc-demand-41,gold-fc-demand-41,two-echelon-gold-au,free_choice,demand,0.02,campaign,0.11025937495287508,0.06701599999999999,0.0011623750906437635,28082176,8728576,343732.17,optimal,optimality_proven,True,True,
a37bfb24-dff2-44b0-8c7b-c8c910856562,two-echelon-gold-au|free_choice|demand|0.01,two-echelon-gold-au|free_choice|demand|gold-fc-demand-41,gold-fc-demand-41,two-echelon-gold-au,free_choice,demand,0.01,campaign,0.11081045807804912,0.0647,0.0006729589076712728,28082176,8527872,343732.17,optimal,optimality_proven,True,True,
a37bfb24-dff2-44b0-8c7b-c8c910856562,two-echelon-gold-au|free_choice|demand|0.0,two-echelon-gold-au|free_choice|demand|gold-fc-demand-41,gold-fc-demand-41,two-echelon-gold-au,free_choice,demand,0.0,campaign,0.10967758297920227,0.06533,0.0009121670154854655,28082176,8523776,343732.17,optimal,optimality_proven,True,True,
a37bfb24-dff2-44b0-8c7b-c8c910856562,two-echelon-gold-au|free_choice|demand|0.005,two-echelon-gold-au|free_choice|demand|gold-fc-demand-41,gold-fc-demand-41,two-echelon-gold-au,free_choice,demand,0.005,campaign,0.10725012503098696,0.064942,0.0009357919916510582,28082176,8527872,343732.17,optimal,optimality_proven,True,True,
a37bfb24-dff2-44b0-8c7b-c8c910856562,p-median-us|free_choice|-|0.02,p-median-us|free_choice|-|pmus-fc-none-195,pmus-fc-none-195,p-median-us,free_choice,-,0.02,campaign,0.5467344589997083,0.485165,0.0011830410221591592,44695552,50647040,20674274707,optimal,optimality_proven,True,True,
a37bfb24-dff2-44b0-8c7b-c8c910856562,p-median-us|free_choice|-|0.005,p-median-us|free_choice|-|pmus-fc-none-195,pmus-fc-none-195,p-median-us,free_choice,-,0.005,campaign,0.5419230839470401,0.4808529999999999,0.0007399159949272871,44695552,53485568,20674274707,optimal,optimality_proven,True,True,
a37bfb24-dff2-44b0-8c7b-c8c910856562,p-median-us|free_choice|-|0.0,p-median-us|free_choice|-|pmus-fc-none-195,pmus-fc-none-195,p-median-us,free_choice,-,0.0,campaign,0.5385797080816701,0.47694499999999995,0.0007912919390946627,44695552,47226880,20674274707,optimal,optimality_proven,True,True,
a37bfb24-dff2-44b0-8c7b-c8c910856562,p-median-us|free_choice|-|0.01,p-median-us|free_choice|-|pmus-fc-none-195,pmus-fc-none-195,p-median-us,free_choice,-,0.01,campaign,0.4909496660111472,0.48128699999999996,0.0006477920105680823,44695552,47222784,20674274707,optimal,optimality_proven,True,True,
a37bfb24-dff2-44b0-8c7b-c8c910856562,chens-cosmetics-cn|forced_open|-|0.0,chens-cosmetics-cn|forced_open|-|chens-fo-none-131,chens-fo-none-131,chens-cosmetics-cn,forced_open,-,0.0,campaign,0.7058391250902787,0.6946549999999999,0.0009591248817741871,50479104,24637440,0,infeasible,infeasible,True,True,
a37bfb24-dff2-44b0-8c7b-c8c910856562,chens-cosmetics-cn|forced_open|-|0.02,chens-cosmetics-cn|forced_open|-|chens-fo-none-131,chens-fo-none-131,chens-cosmetics-cn,forced_open,-,0.02,campaign,0.7521898329723626,0.698165,0.0011837510392069817,50479104,29790208,0,infeasible,infeasible,True,True,
a37bfb24-dff2-44b0-8c7b-c8c910856562,chens-cosmetics-cn|forced_open|-|0.01,chens-cosmetics-cn|forced_open|-|chens-fo-none-131,chens-fo-none-131,chens-cosmetics-cn,forced_open,-,0.01,campaign,0.7159930419875309,0.6953849999999999,0.0007509159622713923,50479104,24854528,0,infeasible,infeasible,True,True,
a37bfb24-dff2-44b0-8c7b-c8c910856562,chens-cosmetics-cn|forced_open|-|0.005,chens-cosmetics-cn|forced_open|-|chens-fo-none-131,chens-fo-none-131,chens-cosmetics-cn,forced_open,-,0.005,campaign,0.7072166670113802,0.694702,0.0007380410097539425,50479104,29597696,0,infeasible,infeasible,True,True,
a37bfb24-dff2-44b0-8c7b-c8c910856562,p-median-us|free_choice|-|0.02,p-median-us|free_choice|-|pmus-fc-none-75,pmus-fc-none-75,p-median-us,free_choice,-,0.02,campaign,0.5457692079944536,0.4856599999999999,0.001115125953219831,44711936,52117504,20674274707,optimal,optimality_proven,True,True,
a37bfb24-dff2-44b0-8c7b-c8c910856562,p-median-us|free_choice|-|0.005,p-median-us|free_choice|-|pmus-fc-none-75,pmus-fc-none-75,p-median-us,free_choice,-,0.005,campaign,0.49236437503714114,0.48130599999999996,0.0033169169910252094,44711936,55762944,20674274707,optimal,optimality_proven,True,True,
a37bfb24-dff2-44b0-8c7b-c8c910856562,p-median-us|free_choice|-|0.0,p-median-us|free_choice|-|pmus-fc-none-75,pmus-fc-none-75,p-median-us,free_choice,-,0.0,campaign,0.539136791951023,0.48305,0.0008226659847423434,44711936,47226880,20674274707,optimal,optimality_proven,True,True,
a37bfb24-dff2-44b0-8c7b-c8c910856562,p-median-us|free_choice|-|0.01,p-median-us|free_choice|-|pmus-fc-none-75,pmus-fc-none-75,p-median-us,free_choice,-,0.01,campaign,0.5407787500880659,0.48967599999999994,0.0015277499333024025,44711936,60354560,20674274707,optimal,optimality_proven,True,True,
a37bfb24-dff2-44b0-8c7b-c8c910856562,two-echelon-jade-us|forced_open|-|0.01,two-echelon-jade-us|forced_open|-|jade-fo-none-80,jade-fo-none-80,two-echelon-jade-us,forced_open,-,0.01,campaign,11.160441000014544,11.092519,0.0012722499668598175,70205440,189218816,198822278.1192,optimal,optimality_proven,True,True,
a37bfb24-dff2-44b0-8c7b-c8c910856562,two-echelon-jade-us|forced_open|-|0.0,two-echelon-jade-us|forced_open|-|jade-fo-none-80,jade-fo-none-80,two-echelon-jade-us,forced_open,-,0.0,campaign,11.590791790978983,11.167186,0.0011883339611813426,70205440,159948800,198822278.1192,optimal,optimality_proven,True,True,
a37bfb24-dff2-44b0-8c7b-c8c910856562,two-echelon-jade-us|forced_open|-|0.005,two-echelon-jade-us|forced_open|-|jade-fo-none-80,jade-fo-none-80,two-echelon-jade-us,forced_open,-,0.005,campaign,11.121498415945098,11.048309999999999,0.001291584107093513,70205440,173510656,198822278.1192,optimal,optimality_proven,True,True,
a37bfb24-dff2-44b0-8c7b-c8c910856562,two-echelon-jade-us|forced_open|-|0.02,two-echelon-jade-us|forced_open|-|jade-fo-none-80,jade-fo-none-80,two-echelon-jade-us,forced_open,-,0.02,campaign,11.202553916024044,11.121325,0.0010262510040774941,70205440,171401216,198822278.1192,optimal,optimality_proven,True,True,
a37bfb24-dff2-44b0-8c7b-c8c910856562,chens-cosmetics-cn|free_choice|-|0.02,chens-cosmetics-cn|free_choice|-|chens-fc-none-7,chens-fc-none-7,chens-cosmetics-cn,free_choice,-,0.02,campaign,0.7567128329537809,0.714087,0.0008358750492334366,50446336,35229696,0,infeasible,infeasible,True,True,
a37bfb24-dff2-44b0-8c7b-c8c910856562,chens-cosmetics-cn|free_choice|-|0.01,chens-cosmetics-cn|free_choice|-|chens-fc-none-7,chens-fc-none-7,chens-cosmetics-cn,free_choice,-,0.01,campaign,0.7140897079370916,0.703212,0.0011700841132551432,50462720,31834112,0,infeasible,infeasible,True,True,
a37bfb24-dff2-44b0-8c7b-c8c910856562,chens-cosmetics-cn|free_choice|-|0.0,chens-cosmetics-cn|free_choice|-|chens-fc-none-7,chens-fc-none-7,chens-cosmetics-cn,free_choice,-,0.0,campaign,0.7641041249735281,0.698765,0.0012740000383928418,50462720,24031232,0,infeasible,infeasible,True,True,
a37bfb24-dff2-44b0-8c7b-c8c910856562,chens-cosmetics-cn|free_choice|-|0.005,chens-cosmetics-cn|free_choice|-|chens-fc-none-7,chens-fc-none-7,chens-cosmetics-cn,free_choice,-,0.005,campaign,0.7572044589323923,0.713877,0.0008396251359954476,50462720,32505856,0,infeasible,infeasible,True,True,
a37bfb24-dff2-44b0-8c7b-c8c910856562,transport-coal|free_choice|capacity|0.01,transport-coal|free_choice|capacity|coal-fc-capacity-87,coal-fc-capacity-87,transport-coal,free_choice,capacity,0.01,campaign,0.10749874997418374,0.06074599999999999,0.0007239170372486115,28147712,6144000,0,infeasible,infeasible,True,True,
a37bfb24-dff2-44b0-8c7b-c8c910856562,transport-coal|free_choice|capacity|0.02,transport-coal|free_choice|capacity|coal-fc-capacity-87,coal-fc-capacity-87,transport-coal,free_choice,capacity,0.02,campaign,0.11069170793052763,0.060404,0.000994376023299992,28147712,6025216,0,infeasible,infeasible,True,True,
a37bfb24-dff2-44b0-8c7b-c8c910856562,transport-coal|free_choice|capacity|0.005,transport-coal|free_choice|capacity|coal-fc-capacity-87,coal-fc-capacity-87,transport-coal,free_choice,capacity,0.005,campaign,0.11070537497289479,0.06000599999999999,0.0007129160221666098,28147712,6025216,0,infeasible,infeasible,True,True,
a37bfb24-dff2-44b0-8c7b-c8c910856562,transport-coal|free_choice|capacity|0.0,transport-coal|free_choice|capacity|coal-fc-capacity-87,coal-fc-capacity-87,transport-coal,free_choice,capacity,0.0,campaign,0.11072579096071422,0.05950299999999999,0.0006784170400351286,28147712,6025216,0,infeasible,infeasible,True,True,
a37bfb24-dff2-44b0-8c7b-c8c910856562,two-echelon-jade-us|free_choice|force|0.02,two-echelon-jade-us|free_choice|force|jade-fc-force-194,jade-fc-force-194,two-echelon-jade-us,free_choice,force,0.02,campaign,4.903432166902348,4.848771999999999,0.001462792162783444,70238208,184557568,169061531.3691,optimal,optimality_proven,True,True,
a37bfb24-dff2-44b0-8c7b-c8c910856562,two-echelon-jade-us|free_choice|force|0.0,two-echelon-jade-us|free_choice|force|jade-fc-force-194,jade-fc-force-194,two-echelon-jade-us,free_choice,force,0.0,campaign,4.945426666061394,4.889701,0.0013521668734028935,70238208,176480256,169061531.3691,optimal,optimality_proven,True,True,
a37bfb24-dff2-44b0-8c7b-c8c910856562,two-echelon-jade-us|free_choice|force|0.005,two-echelon-jade-us|free_choice|force|jade-fc-force-194,jade-fc-force-194,two-echelon-jade-us,free_choice,force,0.005,campaign,4.918272875016555,4.869955,0.000933166011236608,70238208,170381312,169061531.3691,optimal,optimality_proven,True,True,
a37bfb24-dff2-44b0-8c7b-c8c910856562,two-echelon-jade-us|free_choice|force|0.01,two-echelon-jade-us|free_choice|force|jade-fc-force-194,jade-fc-force-194,two-echelon-jade-us,free_choice,force,0.01,campaign,4.928331375005655,4.8835180000000005,0.0013089170679450035,70238208,157454336,169061531.3691,optimal,optimality_proven,True,True,
a37bfb24-dff2-44b0-8c7b-c8c910856562,p-median-us|free_choice|distance|0.02,p-median-us|free_choice|distance|pmus-fc-distance-182,pmus-fc-distance-182,p-median-us,free_choice,distance,0.02,campaign,0.4919007499702275,0.47911899999999996,0.0006783329881727695,44744704,56975360,20674274707,optimal,optimality_proven,True,True,
a37bfb24-dff2-44b0-8c7b-c8c910856562,p-median-us|free_choice|distance|0.01,p-median-us|free_choice|distance|pmus-fc-distance-182,pmus-fc-distance-182,p-median-us,free_choice,distance,0.01,campaign,0.490549708949402,0.47648599999999997,0.0007296240655705333,44744704,52719616,20674274707,optimal,optimality_proven,True,True,
a37bfb24-dff2-44b0-8c7b-c8c910856562,p-median-us|free_choice|distance|0.0,p-median-us|free_choice|distance|pmus-fc-distance-182,pmus-fc-distance-182,p-median-us,free_choice,distance,0.0,campaign,0.4957400420680642,0.477548,0.0008449159795418382,44744704,48910336,20674274707,optimal,optimality_proven,True,True,
a37bfb24-dff2-44b0-8c7b-c8c910856562,p-median-us|free_choice|distance|0.005,p-median-us|free_choice|distance|pmus-fc-distance-182,pmus-fc-distance-182,p-median-us,free_choice,distance,0.005,campaign,0.5411277080420405,0.482602,0.0007556669879704714,44744704,47472640,20674274707,optimal,optimality_proven,True,True,
a37bfb24-dff2-44b0-8c7b-c8c910856562,two-echelon-jade-us|free_choice|-|0.0,two-echelon-jade-us|free_choice|-|jade-fc-none-126,jade-fc-none-126,two-echelon-jade-us,free_choice,-,0.0,campaign,16.14096770796459,15.918763,0.0010431670816615224,70221824,182800384,196411299.7486,optimal,optimality_proven,True,True,
a37bfb24-dff2-44b0-8c7b-c8c910856562,two-echelon-jade-us|free_choice|-|0.01,two-echelon-jade-us|free_choice|-|jade-fc-none-126,jade-fc-none-126,two-echelon-jade-us,free_choice,-,0.01,campaign,15.864304792019539,15.742977999999999,0.0015905830077826977,70221824,168431616,196411299.7486,optimal,optimality_proven,True,True,
a37bfb24-dff2-44b0-8c7b-c8c910856562,two-echelon-jade-us|free_choice|-|0.02,two-echelon-jade-us|free_choice|-|jade-fc-none-126,jade-fc-none-126,two-echelon-jade-us,free_choice,-,0.02,campaign,15.96748520899564,15.875157999999999,0.0012887910706922412,70221824,182489088,196411299.7486,optimal,optimality_proven,True,True,
a37bfb24-dff2-44b0-8c7b-c8c910856562,two-echelon-jade-us|free_choice|-|0.005,two-echelon-jade-us|free_choice|-|jade-fc-none-126,jade-fc-none-126,two-echelon-jade-us,free_choice,-,0.005,campaign,16.37810349999927,16.07901,0.001823500031605363,70221824,182702080,196411299.7486,optimal,optimality_proven,True,True,
a37bfb24-dff2-44b0-8c7b-c8c910856562,two-echelon-gold-au|free_choice|distance|0.02,two-echelon-gold-au|free_choice|distance|gold-fc-distance-157,gold-fc-distance-157,two-echelon-gold-au,free_choice,distance,0.02,campaign,0.10823537490796298,0.075692,0.0011285000946372747,28131328,8740864,413084.38,optimal,optimality_proven,True,True,
a37bfb24-dff2-44b0-8c7b-c8c910856562,two-echelon-gold-au|free_choice|distance|0.0,two-echelon-gold-au|free_choice|distance|gold-fc-distance-157,gold-fc-distance-157,two-echelon-gold-au,free_choice,distance,0.0,campaign,0.11068124999292195,0.064286,0.0010574579937383533,28131328,8523776,413084.38,optimal,optimality_proven,True,True,
a37bfb24-dff2-44b0-8c7b-c8c910856562,two-echelon-gold-au|free_choice|distance|0.005,two-echelon-gold-au|free_choice|distance|gold-fc-distance-157,gold-fc-distance-157,two-echelon-gold-au,free_choice,distance,0.005,campaign,0.11067520792130381,0.065021,0.0010670000920072198,28131328,8523776,413084.38,optimal,optimality_proven,True,True,
a37bfb24-dff2-44b0-8c7b-c8c910856562,two-echelon-gold-au|free_choice|distance|0.01,two-echelon-gold-au|free_choice|distance|gold-fc-distance-157,gold-fc-distance-157,two-echelon-gold-au,free_choice,distance,0.01,campaign,0.11081508395727724,0.0654,0.0007325410842895508,28131328,8527872,413084.38,optimal,optimality_proven,True,True,
a37bfb24-dff2-44b0-8c7b-c8c910856562,two-echelon-jade-us|free_choice|demand|0.01,two-echelon-jade-us|free_choice|demand|jade-fc-demand-128,jade-fc-demand-128,two-echelon-jade-us,free_choice,demand,0.01,campaign,14.961211000103503,9.834330000000001,0.003138416912406683,70221824,139980800,180800733.9386,optimal,optimality_proven,True,True,
a37bfb24-dff2-44b0-8c7b-c8c910856562,two-echelon-jade-us|free_choice|demand|0.0,two-echelon-jade-us|free_choice|demand|jade-fc-demand-128,jade-fc-demand-128,two-echelon-jade-us,free_choice,demand,0.0,campaign,13.83720120799262,9.671568,0.0023988339817151427,70500352,162144256,180800733.9386,optimal,optimality_proven,True,True,
a37bfb24-dff2-44b0-8c7b-c8c910856562,two-echelon-jade-us|free_choice|demand|0.005,two-echelon-jade-us|free_choice|demand|jade-fc-demand-128,jade-fc-demand-128,two-echelon-jade-us,free_choice,demand,0.005,campaign,8.350125374970958,7.7914900000000005,0.0019390000961720943,70221824,166023168,180800733.9386,optimal,optimality_proven,True,True,
a37bfb24-dff2-44b0-8c7b-c8c910856562,two-echelon-jade-us|free_choice|demand|0.02,two-echelon-jade-us|free_choice|demand|jade-fc-demand-128,jade-fc-demand-128,two-echelon-jade-us,free_choice,demand,0.02,campaign,7.399536958895624,7.275950999999999,0.0011047502048313618,70221824,172208128,180800733.9386,optimal,optimality_proven,True,True,
a37bfb24-dff2-44b0-8c7b-c8c910856562,p-median-us|free_choice|force|0.0,p-median-us|free_choice|force|pmus-fc-force-98,pmus-fc-force-98,p-median-us,free_choice,force,0.0,campaign,0.4921327909687534,0.44657800000000003,0.0009422090370208025,44744704,52146176,20674274707,optimal,optimality_proven,True,True,
a37bfb24-dff2-44b0-8c7b-c8c910856562,p-median-us|free_choice|force|0.005,p-median-us|free_choice|force|pmus-fc-force-98,pmus-fc-force-98,p-median-us,free_choice,force,0.005,campaign,0.4913189579965547,0.445164,0.0010135009652003646,44744704,58343424,20674274707,optimal,optimality_proven,True,True,
a37bfb24-dff2-44b0-8c7b-c8c910856562,p-median-us|free_choice|force|0.01,p-median-us|free_choice|force|pmus-fc-force-98,pmus-fc-force-98,p-median-us,free_choice,force,0.01,campaign,0.49586829205509275,0.44509,0.0010396238649263978,44744704,55984128,20674274707,optimal,optimality_proven,True,True,
a37bfb24-dff2-44b0-8c7b-c8c910856562,p-median-us|free_choice|force|0.02,p-median-us|free_choice|force|pmus-fc-force-98,pmus-fc-force-98,p-median-us,free_choice,force,0.02,campaign,0.4959839580114931,0.44766,0.0008720009354874492,44744704,52211712,20674274707,optimal,optimality_proven,True,True,
a37bfb24-dff2-44b0-8c7b-c8c910856562,transport-coal|free_choice|-|0.005,transport-coal|free_choice|-|coal-fc-none-22,coal-fc-none-22,transport-coal,free_choice,-,0.005,campaign,0.10964779194910079,0.060541,0.0007193329511210322,28131328,6144000,0,infeasible,infeasible,True,True,
a37bfb24-dff2-44b0-8c7b-c8c910856562,transport-coal|free_choice|-|0.0,transport-coal|free_choice|-|coal-fc-none-22,coal-fc-none-22,transport-coal,free_choice,-,0.0,campaign,0.1107421659398824,0.06191499999999999,0.0006321260007098317,28131328,6025216,0,infeasible,infeasible,True,True,
a37bfb24-dff2-44b0-8c7b-c8c910856562,transport-coal|free_choice|-|0.01,transport-coal|free_choice|-|coal-fc-none-22,coal-fc-none-22,transport-coal,free_choice,-,0.01,campaign,0.11068716598674655,0.060675,0.0006886681076139212,28131328,6025216,0,infeasible,infeasible,True,True,
a37bfb24-dff2-44b0-8c7b-c8c910856562,transport-coal|free_choice|-|0.02,transport-coal|free_choice|-|coal-fc-none-22,coal-fc-none-22,transport-coal,free_choice,-,0.02,campaign,0.10884408303536475,0.061176,0.0006726669380441308,28131328,6025216,0,infeasible,infeasible,True,True,
a37bfb24-dff2-44b0-8c7b-c8c910856562,chens-cosmetics-cn|free_choice|demand|0.02,chens-cosmetics-cn|free_choice|demand|chens-fc-demand-49,chens-fc-demand-49,chens-cosmetics-cn,free_choice,demand,0.02,campaign,0.7583486250368878,0.715377,0.0007102920208126307,50511872,24748032,0,infeasible,infeasible,True,True,
a37bfb24-dff2-44b0-8c7b-c8c910856562,chens-cosmetics-cn|free_choice|demand|0.01,chens-cosmetics-cn|free_choice|demand|chens-fc-demand-49,chens-fc-demand-49,chens-cosmetics-cn,free_choice,demand,0.01,campaign,0.7597194580594078,0.740005,0.0008612079545855522,50511872,33742848,0,infeasible,infeasible,True,True,
a37bfb24-dff2-44b0-8c7b-c8c910856562,chens-cosmetics-cn|free_choice|demand|0.005,chens-cosmetics-cn|free_choice|demand|chens-fc-demand-49,chens-fc-demand-49,chens-cosmetics-cn,free_choice,demand,0.005,campaign,0.756790166022256,0.7346290000000001,0.0009231669828295708,50511872,30347264,0,infeasible,infeasible,True,True,
a37bfb24-dff2-44b0-8c7b-c8c910856562,chens-cosmetics-cn|free_choice|demand|0.0,chens-cosmetics-cn|free_choice|demand|chens-fc-demand-49,chens-fc-demand-49,chens-cosmetics-cn,free_choice,demand,0.0,campaign,0.7637529999483377,0.7183279999999999,0.0010185000719502568,50511872,28237824,0,infeasible,infeasible,True,True,
a37bfb24-dff2-44b0-8c7b-c8c910856562,p-median-us|free_choice|demand|0.01,p-median-us|free_choice|demand|pmus-fc-demand-91,pmus-fc-demand-91,p-median-us,free_choice,demand,0.01,campaign,0.49412595795001835,0.434081,0.0007058330811560154,44728320,46997504,18383438664,optimal,optimality_proven,True,True,
a37bfb24-dff2-44b0-8c7b-c8c910856562,p-median-us|free_choice|demand|0.005,p-median-us|free_choice|demand|pmus-fc-demand-91,pmus-fc-demand-91,p-median-us,free_choice,demand,0.005,campaign,0.48819358297623694,0.44074800000000003,0.0007240419508889318,44728320,56868864,18383438664,optimal,optimality_proven,True,True,
a37bfb24-dff2-44b0-8c7b-c8c910856562,p-median-us|free_choice|demand|0.02,p-median-us|free_choice|demand|pmus-fc-demand-91,pmus-fc-demand-91,p-median-us,free_choice,demand,0.02,campaign,0.4919765420490876,0.43846699999999994,0.0008319158805534244,44728320,51277824,18383438664,optimal,optimality_proven,True,True,
a37bfb24-dff2-44b0-8c7b-c8c910856562,p-median-us|free_choice|demand|0.0,p-median-us|free_choice|demand|pmus-fc-demand-91,pmus-fc-demand-91,p-median-us,free_choice,demand,0.0,campaign,0.49585308297537267,0.45945199999999997,0.0007050420390442014,44744704,58306560,18383438664,optimal,optimality_proven,True,True,
a37bfb24-dff2-44b0-8c7b-c8c910856562,p-median-us|forced_open|capacity|0.02,p-median-us|forced_open|capacity|pmus-fo-cap-128,pmus-fo-cap-128,p-median-us,forced_open,capacity,0.02,campaign,1.467333749984391,1.412437,0.0007143749389797449,44810240,66756608,83379465130,feasible,gap_limit,True,True,
a37bfb24-dff2-44b0-8c7b-c8c910856562,p-median-us|forced_open|capacity|0.005,p-median-us|forced_open|capacity|pmus-fo-cap-128,pmus-fo-cap-128,p-median-us,forced_open,capacity,0.005,campaign,1.4581918750191107,1.428308,0.000898666912689805,44810240,70848512,83379465130,feasible,gap_limit,True,True,
a37bfb24-dff2-44b0-8c7b-c8c910856562,p-median-us|forced_open|capacity|0.01,p-median-us|forced_open|capacity|pmus-fo-cap-128,pmus-fo-cap-128,p-median-us,forced_open,capacity,0.01,campaign,1.4676365000195801,1.421311,0.0010149579029530287,44826624,74584064,83379465130,feasible,gap_limit,True,True,
a37bfb24-dff2-44b0-8c7b-c8c910856562,p-median-us|forced_open|capacity|0.0,p-median-us|forced_open|capacity|pmus-fo-cap-128,pmus-fo-cap-128,p-median-us,forced_open,capacity,0.0,campaign,2.013501500012353,1.967571,0.0007202910492196679,44826624,96509952,83379465130,optimal,optimality_proven,True,True,
a37bfb24-dff2-44b0-8c7b-c8c910856562,two-echelon-gold-au|free_choice|force|0.01,two-echelon-gold-au|free_choice|force|gold-fc-force-56,gold-fc-force-56,two-echelon-gold-au,free_choice,force,0.01,campaign,0.11077429202850908,0.063583,0.001188207883387804,28114944,7204864,398892.43,optimal,optimality_proven,True,True,
a37bfb24-dff2-44b0-8c7b-c8c910856562,two-echelon-gold-au|free_choice|force|0.005,two-echelon-gold-au|free_choice|force|gold-fc-force-56,gold-fc-force-56,two-echelon-gold-au,free_choice,force,0.005,campaign,0.11068270797841251,0.062182999999999995,0.0008079590043053031,28114944,7204864,398892.43,optimal,optimality_proven,True,True,
a37bfb24-dff2-44b0-8c7b-c8c910856562,two-echelon-gold-au|free_choice|force|0.02,two-echelon-gold-au|free_choice|force|gold-fc-force-56,gold-fc-force-56,two-echelon-gold-au,free_choice,force,0.02,campaign,0.10922804195433855,0.06191100000000001,0.0006443330785259604,28114944,7204864,398892.43,optimal,optimality_proven,True,True,
a37bfb24-dff2-44b0-8c7b-c8c910856562,two-echelon-gold-au|free_choice|force|0.0,two-echelon-gold-au|free_choice|force|gold-fc-force-56,gold-fc-force-56,two-echelon-gold-au,free_choice,force,0.0,campaign,0.11070158297661692,0.061569,0.0006206670077517629,28114944,7204864,398892.43,optimal,optimality_proven,True,True,
a37bfb24-dff2-44b0-8c7b-c8c910856562,p-median-us|free_choice|demand|0.0,p-median-us|free_choice|demand|pmus-fc-demand-192,pmus-fc-demand-192,p-median-us,free_choice,demand,0.0,campaign,0.5982986249728128,0.545395,0.0007915410678833723,44711936,66887680,29733226795,optimal,optimality_proven,True,True,
a37bfb24-dff2-44b0-8c7b-c8c910856562,p-median-us|free_choice|demand|0.01,p-median-us|free_choice|demand|pmus-fc-demand-192,pmus-fc-demand-192,p-median-us,free_choice,demand,0.01,campaign,0.599960417021066,0.559182,0.000710457912646234,44711936,60616704,29733226795,optimal,optimality_proven,True,True,
a37bfb24-dff2-44b0-8c7b-c8c910856562,p-median-us|free_choice|demand|0.005,p-median-us|free_choice|demand|pmus-fc-demand-192,pmus-fc-demand-192,p-median-us,free_choice,demand,0.005,campaign,0.5890563749708235,0.552608,0.0008721670601516962,44728320,58925056,29733226795,optimal,optimality_proven,True,True,
a37bfb24-dff2-44b0-8c7b-c8c910856562,p-median-us|free_choice|demand|0.02,p-median-us|free_choice|demand|pmus-fc-demand-192,pmus-fc-demand-192,p-median-us,free_choice,demand,0.02,campaign,0.6005724169081077,0.551349,0.0007642081473022699,44728320,52662272,29733226795,optimal,optimality_proven,True,True,
a37bfb24-dff2-44b0-8c7b-c8c910856562,two-echelon-gold-au|free_choice|distance|0.02,two-echelon-gold-au|free_choice|distance|gold-fc-distance-89,gold-fc-distance-89,two-echelon-gold-au,free_choice,distance,0.02,campaign,0.10768074996303767,0.065744,0.0007433330174535513,28164096,8527872,401071.38,optimal,optimality_proven,True,True,
a37bfb24-dff2-44b0-8c7b-c8c910856562,two-echelon-gold-au|free_choice|distance|0.0,two-echelon-gold-au|free_choice|distance|gold-fc-distance-89,gold-fc-distance-89,two-echelon-gold-au,free_choice,distance,0.0,campaign,0.11082212498877198,0.066645,0.0009945000056177378,28164096,8527872,401071.38,optimal,optimality_proven,True,True,
a37bfb24-dff2-44b0-8c7b-c8c910856562,two-echelon-gold-au|free_choice|distance|0.005,two-echelon-gold-au|free_choice|distance|gold-fc-distance-89,gold-fc-distance-89,two-echelon-gold-au,free_choice,distance,0.005,campaign,0.10913129197433591,0.065244,0.000653041061013937,28164096,8523776,401071.38,optimal,optimality_proven,True,True,
a37bfb24-dff2-44b0-8c7b-c8c910856562,two-echelon-gold-au|free_choice|distance|0.01,two-echelon-gold-au|free_choice|distance|gold-fc-distance-89,gold-fc-distance-89,two-echelon-gold-au,free_choice,distance,0.01,campaign,0.11072524997871369,0.065466,0.0006238339701667428,28164096,8527872,401071.38,optimal,optimality_proven,True,True,
a37bfb24-dff2-44b0-8c7b-c8c910856562,transport-coal|free_choice|capacity|0.01,transport-coal|free_choice|capacity|coal-fc-capacity-127,coal-fc-capacity-127,transport-coal,free_choice,capacity,0.01,campaign,0.11077766690868884,0.061349,0.0006945411441847682,28180480,6025216,0,infeasible,infeasible,True,True,
a37bfb24-dff2-44b0-8c7b-c8c910856562,transport-coal|free_choice|capacity|0.0,transport-coal|free_choice|capacity|coal-fc-capacity-127,coal-fc-capacity-127,transport-coal,free_choice,capacity,0.0,campaign,0.10864887502975762,0.061235,0.0006532920524477959,28180480,6139904,0,infeasible,infeasible,True,True,
a37bfb24-dff2-44b0-8c7b-c8c910856562,transport-coal|free_choice|capacity|0.005,transport-coal|free_choice|capacity|coal-fc-capacity-127,coal-fc-capacity-127,transport-coal,free_choice,capacity,0.005,campaign,0.10787824995350093,0.060926,0.0006697920616716146,28180480,6209536,0,infeasible,infeasible,True,True,
a37bfb24-dff2-44b0-8c7b-c8c910856562,transport-coal|free_choice|capacity|0.02,transport-coal|free_choice|capacity|coal-fc-capacity-127,coal-fc-capacity-127,transport-coal,free_choice,capacity,0.02,campaign,0.11073575005866587,0.060934999999999996,0.0006628339178860188,28180480,6025216,0,infeasible,infeasible,True,True,
a37bfb24-dff2-44b0-8c7b-c8c910856562,two-echelon-jade-us|forced_open|-|0.0,two-echelon-jade-us|forced_open|-|jade-fo-none-59,jade-fo-none-59,two-echelon-jade-us,forced_open,-,0.0,campaign,6.865111458930187,6.565353999999999,0.0014827491249889135,70238208,182448128,167445097.2787,optimal,optimality_proven,True,True,
a37bfb24-dff2-44b0-8c7b-c8c910856562,two-echelon-jade-us|forced_open|-|0.01,two-echelon-jade-us|forced_open|-|jade-fo-none-59,jade-fo-none-59,two-echelon-jade-us,forced_open,-,0.01,campaign,6.3633902500150725,6.323774,0.0011063329875469208,70238208,190853120,167445097.2787,optimal,optimality_proven,True,True,
a37bfb24-dff2-44b0-8c7b-c8c910856562,two-echelon-jade-us|forced_open|-|0.02,two-echelon-jade-us|forced_open|-|jade-fo-none-59,jade-fo-none-59,two-echelon-jade-us,forced_open,-,0.02,campaign,6.376929000020027,6.317056,0.0013012089766561985,70238208,176541696,167445097.2787,optimal,optimality_proven,True,True,
a37bfb24-dff2-44b0-8c7b-c8c910856562,two-echelon-jade-us|forced_open|-|0.005,two-echelon-jade-us|forced_open|-|jade-fo-none-59,jade-fo-none-59,two-echelon-jade-us,forced_open,-,0.005,campaign,6.334507208084688,6.294898999999999,0.0011101668933406472,70238208,169418752,167445097.2787,optimal,optimality_proven,True,True,
a37bfb24-dff2-44b0-8c7b-c8c910856562,two-echelon-jade-us|free_choice|force|0.005,two-echelon-jade-us|free_choice|force|jade-fc-force-96,jade-fc-force-96,two-echelon-jade-us,free_choice,force,0.005,campaign,7.340364292031154,7.292349000000001,0.0016187909059226513,70270976,178372608,181994572.1744,optimal,optimality_proven,True,True,
a37bfb24-dff2-44b0-8c7b-c8c910856562,two-echelon-jade-us|free_choice|force|0.02,two-echelon-jade-us|free_choice|force|jade-fc-force-96,jade-fc-force-96,two-echelon-jade-us,free_choice,force,0.02,campaign,7.3608967079781,7.324157,0.0013675839873030782,70270976,196898816,181994572.1744,optimal,optimality_proven,True,True,
a37bfb24-dff2-44b0-8c7b-c8c910856562,two-echelon-jade-us|free_choice|force|0.01,two-echelon-jade-us|free_choice|force|jade-fc-force-96,jade-fc-force-96,two-echelon-jade-us,free_choice,force,0.01,campaign,7.341220082947984,7.292999,0.0008213750552386045,70270976,174784512,181994572.1744,optimal,optimality_proven,True,True,
a37bfb24-dff2-44b0-8c7b-c8c910856562,two-echelon-jade-us|free_choice|force|0.0,two-echelon-jade-us|free_choice|force|jade-fc-force-96,jade-fc-force-96,two-echelon-jade-us,free_choice,force,0.0,campaign,7.368597958004102,7.32307,0.0010769589571282268,70270976,189464576,181994572.1744,optimal,optimality_proven,True,True,
a37bfb24-dff2-44b0-8c7b-c8c910856562,chens-cosmetics-cn|free_choice|-|0.02,chens-cosmetics-cn|free_choice|-|chens-fc-none-161,chens-fc-none-161,chens-cosmetics-cn,free_choice,-,0.02,campaign,0.5510200839489698,0.5178159999999999,0.0006848741322755814,50479104,29319168,0,infeasible,infeasible,True,True,
a37bfb24-dff2-44b0-8c7b-c8c910856562,chens-cosmetics-cn|free_choice|-|0.0,chens-cosmetics-cn|free_choice|-|chens-fc-none-161,chens-fc-none-161,chens-cosmetics-cn,free_choice,-,0.0,campaign,0.5415093749761581,0.517153,0.0006327920127660036,50479104,25288704,0,infeasible,infeasible,True,True,
a37bfb24-dff2-44b0-8c7b-c8c910856562,chens-cosmetics-cn|free_choice|-|0.01,chens-cosmetics-cn|free_choice|-|chens-fc-none-161,chens-fc-none-161,chens-cosmetics-cn,free_choice,-,0.01,campaign,0.5360241669695824,0.5137919999999999,0.0006862080190330744,50479104,20086784,0,infeasible,infeasible,True,True,
a37bfb24-dff2-44b0-8c7b-c8c910856562,chens-cosmetics-cn|free_choice|-|0.005,chens-cosmetics-cn|free_choice|-|chens-fc-none-161,chens-fc-none-161,chens-cosmetics-cn,free_choice,-,0.005,campaign,0.5457758329575881,0.52272,0.0007146670250222087,50479104,24231936,0,infeasible,infeasible,True,True,
a37bfb24-dff2-44b0-8c7b-c8c910856562,two-echelon-gold-au|forced_open|-|0.0,two-echelon-gold-au|forced_open|-|gold-fo-none-51,gold-fo-none-51,two-echelon-gold-au,forced_open,-,0.0,campaign,0.10763350001070648,0.061963,0.000994333066046238,28164096,7204864,413670.95,optimal,optimality_proven,True,True,
a37bfb24-dff2-44b0-8c7b-c8c910856562,two-echelon-gold-au|forced_open|-|0.01,two-echelon-gold-au|forced_open|-|gold-fo-none-51,gold-fo-none-51,two-echelon-gold-au,forced_open,-,0.01,campaign,0.11073629197198898,0.062956,0.0006625000387430191,28164096,7196672,413670.95,optimal,optimality_proven,True,True,
a37bfb24-dff2-44b0-8c7b-c8c910856562,two-echelon-gold-au|forced_open|-|0.005,two-echelon-gold-au|forced_open|-|gold-fo-none-51,gold-fo-none-51,two-echelon-gold-au,forced_open,-,0.005,campaign,0.11073874996509403,0.06220199999999999,0.0006911250529810786,28164096,7196672,413670.95,optimal,optimality_proven,True,True,
a37bfb24-dff2-44b0-8c7b-c8c910856562,two-echelon-gold-au|forced_open|-|0.02,two-echelon-gold-au|forced_open|-|gold-fo-none-51,gold-fo-none-51,two-echelon-gold-au,forced_open,-,0.02,campaign,0.10724979208316654,0.062367,0.0007184998830780387,28164096,7196672,413670.95,optimal,optimality_proven,True,True,
a37bfb24-dff2-44b0-8c7b-c8c910856562,transport-coal|free_choice|demand|0.005,transport-coal|free_choice|demand|coal-fc-demand-66,coal-fc-demand-66,transport-coal,free_choice,demand,0.005,campaign,0.10887770901899785,0.06034,0.0008414579788222909,28196864,6025216,36633381000,optimal,optimality_proven,True,True,
a37bfb24-dff2-44b0-8c7b-c8c910856562,transport-coal|free_choice|demand|0.01,transport-coal|free_choice|demand|coal-fc-demand-66,coal-fc-demand-66,transport-coal,free_choice,demand,0.01,campaign,0.10812162491492927,0.059154,0.0006942091276869178,28196864,6029312,36633381000,optimal,optimality_proven,True,True,
a37bfb24-dff2-44b0-8c7b-c8c910856562,transport-coal|free_choice|demand|0.0,transport-coal|free_choice|demand|coal-fc-demand-66,coal-fc-demand-66,transport-coal,free_choice,demand,0.0,campaign,0.1107602920383215,0.060763,0.0006923748878762126,28196864,6025216,36633381000,optimal,optimality_proven,True,True,
a37bfb24-dff2-44b0-8c7b-c8c910856562,transport-coal|free_choice|demand|0.02,transport-coal|free_choice|demand|coal-fc-demand-66,coal-fc-demand-66,transport-coal,free_choice,demand,0.02,campaign,0.10753562499303371,0.060911999999999994,0.0007035420276224613,28196864,6029312,36633381000,optimal,optimality_proven,True,True,
a37bfb24-dff2-44b0-8c7b-c8c910856562,chens-cosmetics-cn|free_choice|distance|0.005,chens-cosmetics-cn|free_choice|distance|chens-fc-distance-109,chens-fc-distance-109,chens-cosmetics-cn,free_choice,distance,0.005,campaign,0.8111758750164881,0.7804519999999999,0.001121666980907321,50544640,24338432,0,infeasible,infeasible,True,True,
a37bfb24-dff2-44b0-8c7b-c8c910856562,chens-cosmetics-cn|free_choice|distance|0.0,chens-cosmetics-cn|free_choice|distance|chens-fc-distance-109,chens-fc-distance-109,chens-cosmetics-cn,free_choice,distance,0.0,campaign,0.8212093749316409,0.7973589999999999,0.0007487910334020853,50937856,34738176,0,infeasible,infeasible,True,True,
a37bfb24-dff2-44b0-8c7b-c8c910856562,chens-cosmetics-cn|free_choice|distance|0.01,chens-cosmetics-cn|free_choice|distance|chens-fc-distance-109,chens-fc-distance-109,chens-cosmetics-cn,free_choice,distance,0.01,campaign,0.816592458053492,0.7772379999999999,0.0007787089562043548,50561024,27295744,0,infeasible,infeasible,True,True,
a37bfb24-dff2-44b0-8c7b-c8c910856562,chens-cosmetics-cn|free_choice|distance|0.02,chens-cosmetics-cn|free_choice|distance|chens-fc-distance-109,chens-fc-distance-109,chens-cosmetics-cn,free_choice,distance,0.02,campaign,0.8177448329515755,0.7774409999999999,0.000696459086611867,50561024,27320320,0,infeasible,infeasible,True,True,
a37bfb24-dff2-44b0-8c7b-c8c910856562,p-median-brazil|free_choice|-|0.01,p-median-brazil|free_choice|-|brazil-fc-none-46,brazil-fc-none-46,p-median-brazil,free_choice,-,0.01,campaign,0.054112583049573004,0.041079,0.0010851259576156735,27951104,0,0,infeasible,infeasible,True,True,
a37bfb24-dff2-44b0-8c7b-c8c910856562,p-median-brazil|free_choice|-|0.005,p-median-brazil|free_choice|-|brazil-fc-none-46,brazil-fc-none-46,p-median-brazil,free_choice,-,0.005,campaign,0.05573562497738749,0.039309,0.0005433750338852406,27951104,0,0,infeasible,infeasible,True,True,
a37bfb24-dff2-44b0-8c7b-c8c910856562,p-median-brazil|free_choice|-|0.0,p-median-brazil|free_choice|-|brazil-fc-none-46,brazil-fc-none-46,p-median-brazil,free_choice,-,0.0,campaign,0.05564779101405293,0.039052,0.0005793339805677533,27951104,0,0,infeasible,infeasible,True,True,
a37bfb24-dff2-44b0-8c7b-c8c910856562,p-median-brazil|free_choice|-|0.02,p-median-brazil|free_choice|-|brazil-fc-none-46,brazil-fc-none-46,p-median-brazil,free_choice,-,0.02,campaign,0.05568295810371637,0.038940999999999996,0.0005781669169664383,27951104,0,0,infeasible,infeasible,True,True,
a37bfb24-dff2-44b0-8c7b-c8c910856562,p-median-us|free_choice|force|0.005,p-median-us|free_choice|force|pmus-fc-force-156,pmus-fc-force-156,p-median-us,free_choice,force,0.005,campaign,0.4886266249231994,0.47220999999999996,0.0006596250459551811,44761088,52166656,29873735731,optimal,optimality_proven,True,True,
a37bfb24-dff2-44b0-8c7b-c8c910856562,p-median-us|free_choice|force|0.0,p-median-us|free_choice|force|pmus-fc-force-156,pmus-fc-force-156,p-median-us,free_choice,force,0.0,campaign,0.4880969579098746,0.469802,0.0007272091461345553,44761088,51998720,29873735731,optimal,optimality_proven,True,True,
a37bfb24-dff2-44b0-8c7b-c8c910856562,p-median-us|free_choice|force|0.02,p-median-us|free_choice|force|pmus-fc-force-156,pmus-fc-force-156,p-median-us,free_choice,force,0.02,campaign,0.49006266600918025,0.47108399999999995,0.000709500047378242,44761088,53760000,29873735731,optimal,optimality_proven,True,True,
a37bfb24-dff2-44b0-8c7b-c8c910856562,p-median-us|free_choice|force|0.01,p-median-us|free_choice|force|pmus-fc-force-156,pmus-fc-force-156,p-median-us,free_choice,force,0.01,campaign,0.5378910839790478,0.490529,0.004219582071527839,44761088,58748928,29873735731,optimal,optimality_proven,True,True,
a37bfb24-dff2-44b0-8c7b-c8c910856562,p-median-brazil|forced_open|-|0.005,p-median-brazil|forced_open|-|brazil-fo-none-166,brazil-fo-none-166,p-median-brazil,forced_open,-,0.005,campaign,0.10251391597557813,0.06034099999999999,0.0007839590543881059,28180480,0,0,infeasible,infeasible,True,True,
a37bfb24-dff2-44b0-8c7b-c8c910856562,p-median-brazil|forced_open|-|0.01,p-median-brazil|forced_open|-|brazil-fo-none-166,brazil-fo-none-166,p-median-brazil,forced_open,-,0.01,campaign,0.11150220804847777,0.057782,0.0007648339960724115,28131328,0,0,infeasible,infeasible,True,True,
a37bfb24-dff2-44b0-8c7b-c8c910856562,p-median-brazil|forced_open|-|0.02,p-median-brazil|forced_open|-|brazil-fo-none-166,brazil-fo-none-166,p-median-brazil,forced_open,-,0.02,campaign,0.05229587503708899,0.041672,0.0006779169198125601,28000256,0,0,infeasible,infeasible,True,True,
a37bfb24-dff2-44b0-8c7b-c8c910856562,p-median-brazil|forced_open|-|0.0,p-median-brazil|forced_open|-|brazil-fo-none-166,brazil-fo-none-166,p-median-brazil,forced_open,-,0.0,campaign,0.11072875000536442,0.045111,0.0007659159600734711,28098560,0,0,infeasible,infeasible,True,True,
a37bfb24-dff2-44b0-8c7b-c8c910856562,p-median-brazil|free_choice|distance|0.0,p-median-brazil|free_choice|distance|brazil-fc-distance-119,brazil-fc-distance-119,p-median-brazil,free_choice,distance,0.0,campaign,0.055566583992913365,0.04221899999999999,0.0009529159869998693,27967488,0,,,,False,True,distanceOverrides references id 'BEL' that does not resolve as a customer - not found among customer ids in the base p-median-brazil dataset or this scenario's added entities
a37bfb24-dff2-44b0-8c7b-c8c910856562,p-median-brazil|free_choice|distance|0.005,p-median-brazil|free_choice|distance|brazil-fc-distance-119,brazil-fc-distance-119,p-median-brazil,free_choice,distance,0.005,campaign,0.055695374961942434,0.040325,0.0006398750701919198,27967488,0,,,,False,True,distanceOverrides references id 'BEL' that does not resolve as a customer - not found among customer ids in the base p-median-brazil dataset or this scenario's added entities
a37bfb24-dff2-44b0-8c7b-c8c910856562,p-median-brazil|free_choice|distance|0.01,p-median-brazil|free_choice|distance|brazil-fc-distance-119,brazil-fc-distance-119,p-median-brazil,free_choice,distance,0.01,campaign,0.0545757079962641,0.042258,0.0006184589583426714,27983872,0,,,,False,True,distanceOverrides references id 'BEL' that does not resolve as a customer - not found among customer ids in the base p-median-brazil dataset or this scenario's added entities
a37bfb24-dff2-44b0-8c7b-c8c910856562,p-median-brazil|free_choice|distance|0.02,p-median-brazil|free_choice|distance|brazil-fc-distance-119,brazil-fc-distance-119,p-median-brazil,free_choice,distance,0.02,campaign,0.05570054205600172,0.039561,0.0006098749581724405,27983872,0,,,,False,True,distanceOverrides references id 'BEL' that does not resolve as a customer - not found among customer ids in the base p-median-brazil dataset or this scenario's added entities
a37bfb24-dff2-44b0-8c7b-c8c910856562,p-median-brazil|forced_open|capacity|0.02,p-median-brazil|forced_open|capacity|brazil-fo-cap-63,brazil-fo-cap-63,p-median-brazil,forced_open,capacity,0.02,campaign,0.05215466604568064,0.038865,0.0005857090000063181,28000256,0,0,infeasible,infeasible,True,True,
a37bfb24-dff2-44b0-8c7b-c8c910856562,p-median-brazil|forced_open|capacity|0.005,p-median-brazil|forced_open|capacity|brazil-fo-cap-63,brazil-fo-cap-63,p-median-brazil,forced_open,capacity,0.005,campaign,0.05556620901916176,0.040902,0.0006126239895820618,28000256,0,0,infeasible,infeasible,True,True,
a37bfb24-dff2-44b0-8c7b-c8c910856562,p-median-brazil|forced_open|capacity|0.01,p-median-brazil|forced_open|capacity|brazil-fo-cap-63,brazil-fo-cap-63,p-median-brazil,forced_open,capacity,0.01,campaign,0.051971084089018404,0.040847999999999995,0.0008099579717963934,28000256,0,0,infeasible,infeasible,True,True,
a37bfb24-dff2-44b0-8c7b-c8c910856562,p-median-brazil|forced_open|capacity|0.0,p-median-brazil|forced_open|capacity|brazil-fo-cap-63,brazil-fo-cap-63,p-median-brazil,forced_open,capacity,0.0,campaign,0.05458345904480666,0.041205,0.0006683330284431577,28000256,0,0,infeasible,infeasible,True,True,
a37bfb24-dff2-44b0-8c7b-c8c910856562,transport-coal|free_choice|distance|0.0,transport-coal|free_choice|distance|coal-fc-distance-109,coal-fc-distance-109,transport-coal,free_choice,distance,0.0,campaign,0.1069160409970209,0.060737,0.0007324180332943797,28213248,6029312,37000600000,optimal,optimality_proven,True,True,
a37bfb24-dff2-44b0-8c7b-c8c910856562,transport-coal|free_choice|distance|0.01,transport-coal|free_choice|distance|coal-fc-distance-109,coal-fc-distance-109,transport-coal,free_choice,distance,0.01,campaign,0.11076408403459936,0.061852,0.000713332905434072,28213248,6025216,37000600000,optimal,optimality_proven,True,True,
a37bfb24-dff2-44b0-8c7b-c8c910856562,transport-coal|free_choice|distance|0.02,transport-coal|free_choice|distance|coal-fc-distance-109,coal-fc-distance-109,transport-coal,free_choice,distance,0.02,campaign,0.11074308294337243,0.060557999999999994,0.0006972510600462556,28213248,6029312,37000600000,optimal,optimality_proven,True,True,
a37bfb24-dff2-44b0-8c7b-c8c910856562,transport-coal|free_choice|distance|0.005,transport-coal|free_choice|distance|coal-fc-distance-109,coal-fc-distance-109,transport-coal,free_choice,distance,0.005,campaign,0.10913029208313674,0.06140799999999999,0.0006709579611197114,28213248,6168576,37000600000,optimal,optimality_proven,True,True,
a37bfb24-dff2-44b0-8c7b-c8c910856562,p-median-us|free_choice|distance|0.01,p-median-us|free_choice|distance|pmus-fc-distance-37,pmus-fc-distance-37,p-median-us,free_choice,distance,0.01,campaign,0.5393000839976594,0.5092909999999999,0.000735500012524426,44761088,60178432,24199449769,optimal,optimality_proven,True,True,
a37bfb24-dff2-44b0-8c7b-c8c910856562,p-median-us|free_choice|distance|0.005,p-median-us|free_choice|distance|pmus-fc-distance-37,pmus-fc-distance-37,p-median-us,free_choice,distance,0.005,campaign,0.5450288340216503,0.498823,0.0008104159496724606,44761088,53530624,24199449769,optimal,optimality_proven,True,True,
a37bfb24-dff2-44b0-8c7b-c8c910856562,p-median-us|free_choice|distance|0.02,p-median-us|free_choice|distance|pmus-fc-distance-37,pmus-fc-distance-37,p-median-us,free_choice,distance,0.02,campaign,0.5471222079358995,0.507635,0.0006560010369867086,44761088,52088832,24199449769,optimal,optimality_proven,True,True,
a37bfb24-dff2-44b0-8c7b-c8c910856562,p-median-us|free_choice|distance|0.0,p-median-us|free_choice|distance|pmus-fc-distance-37,pmus-fc-distance-37,p-median-us,free_choice,distance,0.0,campaign,0.5475839170394465,0.501117,0.0008289999095723033,44761088,51798016,24199449769,optimal,optimality_proven,True,True,
a37bfb24-dff2-44b0-8c7b-c8c910856562,p-median-us|free_choice|-|0.02,p-median-us|free_choice|-|pmus-fc-none-122,pmus-fc-none-122,p-median-us,free_choice,-,0.02,campaign,0.5450875830138102,0.503551,0.0011705838842317462,44777472,59158528,24199449769,optimal,optimality_proven,True,True,
a37bfb24-dff2-44b0-8c7b-c8c910856562,p-median-us|free_choice|-|0.01,p-median-us|free_choice|-|pmus-fc-none-122,pmus-fc-none-122,p-median-us,free_choice,-,0.01,campaign,0.5368498329771683,0.513617,0.0007137090433388948,44777472,65224704,24199449769,optimal,optimality_proven,True,True,
a37bfb24-dff2-44b0-8c7b-c8c910856562,p-median-us|free_choice|-|0.0,p-median-us|free_choice|-|pmus-fc-none-122,pmus-fc-none-122,p-median-us,free_choice,-,0.0,campaign,0.5410905419848859,0.500799,0.0007571660680696368,44777472,52772864,24199449769,optimal,optimality_proven,True,True,
a37bfb24-dff2-44b0-8c7b-c8c910856562,p-median-us|free_choice|-|0.005,p-median-us|free_choice|-|pmus-fc-none-122,pmus-fc-none-122,p-median-us,free_choice,-,0.005,campaign,0.5399131670128554,0.507171,0.0007262079743668437,44777472,48967680,24199449769,optimal,optimality_proven,True,True,
a37bfb24-dff2-44b0-8c7b-c8c910856562,chens-cosmetics-cn|free_choice|force|0.02,chens-cosmetics-cn|free_choice|force|chens-fc-force-48,chens-fc-force-48,chens-cosmetics-cn,free_choice,force,0.02,campaign,0.8165822089649737,0.790032,0.0010242910357192159,49823744,30212096,0,infeasible,infeasible,True,True,
a37bfb24-dff2-44b0-8c7b-c8c910856562,chens-cosmetics-cn|free_choice|force|0.0,chens-cosmetics-cn|free_choice|force|chens-fc-force-48,chens-fc-force-48,chens-cosmetics-cn,free_choice,force,0.0,campaign,0.8154676660196856,0.7957549999999999,0.0008835010230541229,49823744,31334400,0,infeasible,infeasible,True,True,
a37bfb24-dff2-44b0-8c7b-c8c910856562,chens-cosmetics-cn|free_choice|force|0.01,chens-cosmetics-cn|free_choice|force|chens-fc-force-48,chens-fc-force-48,chens-cosmetics-cn,free_choice,force,0.01,campaign,0.8130559589480981,0.790299,0.0007419990142807364,51281920,27168768,0,infeasible,infeasible,True,True,
a37bfb24-dff2-44b0-8c7b-c8c910856562,chens-cosmetics-cn|free_choice|force|0.005,chens-cosmetics-cn|free_choice|force|chens-fc-force-48,chens-fc-force-48,chens-cosmetics-cn,free_choice,force,0.005,campaign,0.8185780409257859,0.7786159999999999,0.0008074180223047733,49823744,26636288,0,infeasible,infeasible,True,True,
a37bfb24-dff2-44b0-8c7b-c8c910856562,p-median-brazil|free_choice|distance|0.0,p-median-brazil|free_choice|distance|brazil-fc-distance-181,brazil-fc-distance-181,p-median-brazil,free_choice,distance,0.0,campaign,0.055891709052957594,0.040970999999999994,0.0006365819135680795,27967488,0,,,,False,True,distanceOverrides references id 'CPG' that does not resolve as a customer - not found among customer ids in the base p-median-brazil dataset or this scenario's added entities
a37bfb24-dff2-44b0-8c7b-c8c910856562,p-median-brazil|free_choice|distance|0.01,p-median-brazil|free_choice|distance|brazil-fc-distance-181,brazil-fc-distance-181,p-median-brazil,free_choice,distance,0.01,campaign,0.05470350000541657,0.039309,0.0005703329807147384,27967488,0,,,,False,True,distanceOverrides references id 'CPG' that does not resolve as a customer - not found among customer ids in the base p-median-brazil dataset or this scenario's added entities
a37bfb24-dff2-44b0-8c7b-c8c910856562,p-median-brazil|free_choice|distance|0.005,p-median-brazil|free_choice|distance|brazil-fc-distance-181,brazil-fc-distance-181,p-median-brazil,free_choice,distance,0.005,campaign,0.05565100000239909,0.039166,0.0008756660390645266,27967488,0,,,,False,True,distanceOverrides references id 'CPG' that does not resolve as a customer - not found among customer ids in the base p-median-brazil dataset or this scenario's added entities
a37bfb24-dff2-44b0-8c7b-c8c910856562,p-median-brazil|free_choice|distance|0.02,p-median-brazil|free_choice|distance|brazil-fc-distance-181,brazil-fc-distance-181,p-median-brazil,free_choice,distance,0.02,campaign,0.055792333907447755,0.041724,0.0007467081304639578,27967488,0,,,,False,True,distanceOverrides references id 'CPG' that does not resolve as a customer - not found among customer ids in the base p-median-brazil dataset or this scenario's added entities
a37bfb24-dff2-44b0-8c7b-c8c910856562,p-median-us|free_choice|force|0.01,p-median-us|free_choice|force|pmus-fc-force-35,pmus-fc-force-35,p-median-us,free_choice,force,0.01,campaign,0.4373849170515314,0.409061,0.0007743329042568803,44777472,45490176,18387506274,optimal,optimality_proven,True,True,
a37bfb24-dff2-44b0-8c7b-c8c910856562,p-median-us|free_choice|force|0.0,p-median-us|free_choice|force|pmus-fc-force-35,pmus-fc-force-35,p-median-us,free_choice,force,0.0,campaign,0.4327297080308199,0.406658,0.0011630839435383677,44777472,46931968,18387506274,optimal,optimality_proven,True,True,
a37bfb24-dff2-44b0-8c7b-c8c910856562,p-median-us|free_choice|force|0.005,p-median-us|free_choice|force|pmus-fc-force-35,pmus-fc-force-35,p-median-us,free_choice,force,0.005,campaign,0.43596699996851385,0.407945,0.0006479170406237245,44777472,46931968,18387506274,optimal,optimality_proven,True,True,
a37bfb24-dff2-44b0-8c7b-c8c910856562,p-median-us|free_choice|force|0.02,p-median-us|free_choice|force|pmus-fc-force-35,pmus-fc-force-35,p-median-us,free_choice,force,0.02,campaign,0.4349351669661701,0.420832,0.0006969160167500377,44777472,48988160,18387506274,optimal,optimality_proven,True,True,
a37bfb24-dff2-44b0-8c7b-c8c910856562,two-echelon-jade-us|free_choice|demand|0.005,two-echelon-jade-us|free_choice|demand|jade-fc-demand-117,jade-fc-demand-117,two-echelon-jade-us,free_choice,demand,0.005,campaign,30.00655033311341,28.567416,0.001503791892901063,70303744,154836992,174799636.9222,optimal,optimality_proven,True,True,
a37bfb24-dff2-44b0-8c7b-c8c910856562,two-echelon-jade-us|free_choice|demand|0.01,two-echelon-jade-us|free_choice|demand|jade-fc-demand-117,jade-fc-demand-117,two-echelon-jade-us,free_choice,demand,0.01,campaign,22.55784487503115,20.602712000000004,0.0017446659039705992,70303744,153165824,176290342.2466,feasible,gap_limit,True,True,
a37bfb24-dff2-44b0-8c7b-c8c910856562,two-echelon-jade-us|free_choice|demand|0.02,two-echelon-jade-us|free_choice|demand|jade-fc-demand-117,jade-fc-demand-117,two-echelon-jade-us,free_choice,demand,0.02,campaign,20.33907633391209,19.517091,0.002398124081082642,70303744,168861696,176290342.2466,feasible,gap_limit,True,True,
a37bfb24-dff2-44b0-8c7b-c8c910856562,two-echelon-jade-us|free_choice|demand|0.0,two-echelon-jade-us|free_choice|demand|jade-fc-demand-117,jade-fc-demand-117,two-echelon-jade-us,free_choice,demand,0.0,campaign,29.285613125073723,27.456122999999998,0.0025911248521879315,70303744,152576000,174799636.9222,optimal,optimality_proven,True,True,
a37bfb24-dff2-44b0-8c7b-c8c910856562,p-median-brazil|free_choice|distance|0.02,p-median-brazil|free_choice|distance|brazil-fc-distance-0,brazil-fc-distance-0,p-median-brazil,free_choice,distance,0.02,campaign,0.056115541025064886,0.027840999999999998,0.000995459035038948,28000256,0,,,,False,True,distanceOverrides references id 'BET' that does not resolve as a customer - not found among customer ids in the base p-median-brazil dataset or this scenario's added entities
a37bfb24-dff2-44b0-8c7b-c8c910856562,p-median-brazil|free_choice|distance|0.005,p-median-brazil|free_choice|distance|brazil-fc-distance-0,brazil-fc-distance-0,p-median-brazil,free_choice,distance,0.005,campaign,0.055494041997008026,0.023435,0.0024404580472037196,28000256,0,,,,False,True,distanceOverrides references id 'BET' that does not resolve as a customer - not found among customer ids in the base p-median-brazil dataset or this scenario's added entities
a37bfb24-dff2-44b0-8c7b-c8c910856562,p-median-brazil|free_choice|distance|0.01,p-median-brazil|free_choice|distance|brazil-fc-distance-0,brazil-fc-distance-0,p-median-brazil,free_choice,distance,0.01,campaign,0.0555492501007393,0.023698,0.0004616669612005353,28000256,0,,,,False,True,distanceOverrides references id 'BET' that does not resolve as a customer - not found among customer ids in the base p-median-brazil dataset or this scenario's added entities
a37bfb24-dff2-44b0-8c7b-c8c910856562,p-median-brazil|free_choice|distance|0.0,p-median-brazil|free_choice|distance|brazil-fc-distance-0,brazil-fc-distance-0,p-median-brazil,free_choice,distance,0.0,campaign,0.055576708051376045,0.024297,0.00045920792035758495,28000256,0,,,,False,True,distanceOverrides references id 'BET' that does not resolve as a customer - not found among customer ids in the base p-median-brazil dataset or this scenario's added entities
a37bfb24-dff2-44b0-8c7b-c8c910856562,p-median-us|forced_open|capacity|0.02,p-median-us|forced_open|capacity|pmus-fo-cap-163,pmus-fo-cap-163,p-median-us,forced_open,capacity,0.02,campaign,1.2570089580258355,0.741625,0.0006470839725807309,44875776,78020608,24162200545,feasible,gap_limit,True,True,
a37bfb24-dff2-44b0-8c7b-c8c910856562,p-median-us|forced_open|capacity|0.01,p-median-us|forced_open|capacity|pmus-fo-cap-163,pmus-fo-cap-163,p-median-us,forced_open,capacity,0.01,campaign,0.49134454200975597,0.46280099999999996,0.00043741706758737564,44875776,61362176,24162200545,feasible,gap_limit,True,True,
a37bfb24-dff2-44b0-8c7b-c8c910856562,p-median-us|forced_open|capacity|0.005,p-median-us|forced_open|capacity|pmus-fo-cap-163,pmus-fo-cap-163,p-median-us,forced_open,capacity,0.005,campaign,0.5462551669916138,0.49917700000000004,0.0006619159830734134,44892160,76124160,24162200545,feasible,gap_limit,True,True,
a37bfb24-dff2-44b0-8c7b-c8c910856562,p-median-us|forced_open|capacity|0.0,p-median-us|forced_open|capacity|pmus-fo-cap-163,pmus-fo-cap-163,p-median-us,forced_open,capacity,0.0,campaign,0.5432204159442335,0.505266,0.0005432921461760998,44908544,80277504,24161856159,optimal,optimality_proven,True,True,
a37bfb24-dff2-44b0-8c7b-c8c910856562,transport-coal|free_choice|-|0.005,transport-coal|free_choice|-|coal-fc-none-92,coal-fc-none-92,transport-coal,free_choice,-,0.005,campaign,0.05579158302862197,0.041250999999999996,0.0006338750245049596,28229632,6139904,0,infeasible,infeasible,True,True,
a37bfb24-dff2-44b0-8c7b-c8c910856562,transport-coal|free_choice|-|0.0,transport-coal|free_choice|-|coal-fc-none-92,coal-fc-none-92,transport-coal,free_choice,-,0.0,campaign,0.05558316700626165,0.038201,0.00046274892520159483,28229632,6025216,0,infeasible,infeasible,True,True,
a37bfb24-dff2-44b0-8c7b-c8c910856562,transport-coal|free_choice|-|0.01,transport-coal|free_choice|-|coal-fc-none-92,coal-fc-none-92,transport-coal,free_choice,-,0.01,campaign,0.05561579205095768,0.039094,0.00044420803897082806,28229632,6025216,0,infeasible,infeasible,True,True,
a37bfb24-dff2-44b0-8c7b-c8c910856562,transport-coal|free_choice|-|0.02,transport-coal|free_choice|-|coal-fc-none-92,coal-fc-none-92,transport-coal,free_choice,-,0.02,campaign,0.05571058299392462,0.038473999999999994,0.0004628339083865285,28229632,6025216,0,infeasible,infeasible,True,True,
a37bfb24-dff2-44b0-8c7b-c8c910856562,two-echelon-gold-au|forced_open|-|0.005,two-echelon-gold-au|forced_open|-|gold-fo-none-139,gold-fo-none-139,two-echelon-gold-au,forced_open,-,0.005,campaign,0.05581662501208484,0.0397,0.0005854169139638543,28246016,7331840,433375.65,optimal,optimality_proven,True,True,
a37bfb24-dff2-44b0-8c7b-c8c910856562,two-echelon-gold-au|forced_open|-|0.01,two-echelon-gold-au|forced_open|-|gold-fo-none-139,gold-fo-none-139,two-echelon-gold-au,forced_open,-,0.01,campaign,0.055649416986852884,0.040311,0.00045858300291001797,28246016,7204864,433375.65,optimal,optimality_proven,True,True,
a37bfb24-dff2-44b0-8c7b-c8c910856562,two-echelon-gold-au|forced_open|-|0.0,two-echelon-gold-au|forced_open|-|gold-fo-none-139,gold-fo-none-139,two-echelon-gold-au,forced_open,-,0.0,campaign,0.05553100001998246,0.040419000000000004,0.0006067500216886401,28246016,7204864,433375.65,optimal,optimality_proven,True,True,
a37bfb24-dff2-44b0-8c7b-c8c910856562,two-echelon-gold-au|forced_open|-|0.02,two-echelon-gold-au|forced_open|-|gold-fo-none-139,gold-fo-none-139,two-echelon-gold-au,forced_open,-,0.02,campaign,0.055550375021994114,0.042204,0.0005980420392006636,28246016,7196672,433375.65,optimal,optimality_proven,True,True,
a37bfb24-dff2-44b0-8c7b-c8c910856562,two-echelon-gold-au|forced_open|-|0.0,two-echelon-gold-au|forced_open|-|gold-fo-none-29,gold-fo-none-29,two-echelon-gold-au,forced_open,-,0.0,campaign,0.05561962490901351,0.04117,0.0006057091522961855,28246016,7196672,408744.78,optimal,optimality_proven,True,True,
a37bfb24-dff2-44b0-8c7b-c8c910856562,two-echelon-gold-au|forced_open|-|0.01,two-echelon-gold-au|forced_open|-|gold-fo-none-29,gold-fo-none-29,two-echelon-gold-au,forced_open,-,0.01,campaign,0.0556202499428764,0.03994399999999999,0.000487708137370646,28246016,7204864,408744.78,optimal,optimality_proven,True,True,
a37bfb24-dff2-44b0-8c7b-c8c910856562,two-echelon-gold-au|forced_open|-|0.005,two-echelon-gold-au|forced_open|-|gold-fo-none-29,gold-fo-none-29,two-echelon-gold-au,forced_open,-,0.005,campaign,0.05568066600244492,0.04444699999999999,0.00047375005669891834,28246016,7405568,408744.78,optimal,optimality_proven,True,True,
a37bfb24-dff2-44b0-8c7b-c8c910856562,two-echelon-gold-au|forced_open|-|0.02,two-echelon-gold-au|forced_open|-|gold-fo-none-29,gold-fo-none-29,two-echelon-gold-au,forced_open,-,0.02,campaign,0.0555539580527693,0.041528999999999996,0.0006376259261742234,28246016,7204864,408744.78,optimal,optimality_proven,True,True,
a37bfb24-dff2-44b0-8c7b-c8c910856562,p-median-brazil|forced_open|capacity|0.005,p-median-brazil|forced_open|capacity|brazil-fo-cap-124,brazil-fo-cap-124,p-median-brazil,forced_open,capacity,0.005,campaign,0.055665167048573494,0.02529,0.00044079101644456387,28033024,0,0,infeasible,infeasible,True,True,
a37bfb24-dff2-44b0-8c7b-c8c910856562,p-median-brazil|forced_open|capacity|0.01,p-median-brazil|forced_open|capacity|brazil-fo-cap-124,brazil-fo-cap-124,p-median-brazil,forced_open,capacity,0.01,campaign,0.05559091700706631,0.024939,0.00045195803977549076,28033024,0,0,infeasible,infeasible,True,True,
a37bfb24-dff2-44b0-8c7b-c8c910856562,p-median-brazil|forced_open|capacity|0.0,p-median-brazil|forced_open|capacity|brazil-fo-cap-124,brazil-fo-cap-124,p-median-brazil,forced_open,capacity,0.0,campaign,0.05559075006749481,0.025369999999999997,0.00044441595673561096,28033024,0,0,infeasible,infeasible,True,True,
a37bfb24-dff2-44b0-8c7b-c8c910856562,p-median-brazil|forced_open|capacity|0.02,p-median-brazil|forced_open|capacity|brazil-fo-cap-124,brazil-fo-cap-124,p-median-brazil,forced_open,capacity,0.02,campaign,0.05228791700210422,0.024946,0.0006774159846827388,28033024,0,0,infeasible,infeasible,True,True,
a37bfb24-dff2-44b0-8c7b-c8c910856562,p-median-brazil|forced_open|-|0.0,p-median-brazil|forced_open|-|brazil-fo-none-72,brazil-fo-none-72,p-median-brazil,forced_open,-,0.0,campaign,0.055658166063949466,0.035355,0.0004205428995192051,28065792,0,0,infeasible,infeasible,True,True,
a37bfb24-dff2-44b0-8c7b-c8c910856562,p-median-brazil|forced_open|-|0.02,p-median-brazil|forced_open|-|brazil-fo-none-72,brazil-fo-none-72,p-median-brazil,forced_open,-,0.02,campaign,0.055572416982613504,0.024404,0.000596167054027319,28033024,0,0,infeasible,infeasible,True,True,
a37bfb24-dff2-44b0-8c7b-c8c910856562,p-median-brazil|forced_open|-|0.01,p-median-brazil|forced_open|-|brazil-fo-none-72,brazil-fo-none-72,p-median-brazil,forced_open,-,0.01,campaign,0.054658332956023514,0.025492,0.0006247080164030194,28033024,0,0,infeasible,infeasible,True,True,
a37bfb24-dff2-44b0-8c7b-c8c910856562,p-median-brazil|forced_open|-|0.005,p-median-brazil|forced_open|-|brazil-fo-none-72,brazil-fo-none-72,p-median-brazil,forced_open,-,0.005,campaign,0.053825416951440275,0.02462,0.000452833017334342,28033024,0,0,infeasible,infeasible,True,True,
a37bfb24-dff2-44b0-8c7b-c8c910856562,transport-coal|free_choice|demand|0.02,transport-coal|free_choice|demand|coal-fc-demand-127,coal-fc-demand-127,transport-coal,free_choice,demand,0.02,campaign,0.05552104092203081,0.041220999999999994,0.0004353340482339263,28262400,6037504,36129890000,optimal,optimality_proven,True,True,
a37bfb24-dff2-44b0-8c7b-c8c910856562,transport-coal|free_choice|demand|0.01,transport-coal|free_choice|demand|coal-fc-demand-127,coal-fc-demand-127,transport-coal,free_choice,demand,0.01,campaign,0.0555627909488976,0.039081,0.000443084049038589,28262400,6029312,36129890000,optimal,optimality_proven,True,True,
a37bfb24-dff2-44b0-8c7b-c8c910856562,transport-coal|free_choice|demand|0.0,transport-coal|free_choice|demand|coal-fc-demand-127,coal-fc-demand-127,transport-coal,free_choice,demand,0.0,campaign,0.055591249954886734,0.039852,0.00044170801993459463,28262400,6025216,36129890000,optimal,optimality_proven,True,True,
a37bfb24-dff2-44b0-8c7b-c8c910856562,transport-coal|free_choice|demand|0.005,transport-coal|free_choice|demand|coal-fc-demand-127,coal-fc-demand-127,transport-coal,free_choice,demand,0.005,campaign,0.05341516598127782,0.038996,0.0004968340508639812,28262400,6029312,36129890000,optimal,optimality_proven,True,True,
a37bfb24-dff2-44b0-8c7b-c8c910856562,two-echelon-jade-us|free_choice|force|0.01,two-echelon-jade-us|free_choice|force|jade-fc-force-145,jade-fc-force-145,two-echelon-jade-us,free_choice,force,0.01,campaign,8.804566540988162,8.647808,0.0006942501058802009,70336512,175685632,175675570.1288,feasible,gap_limit,True,True,
a37bfb24-dff2-44b0-8c7b-c8c910856562,two-echelon-jade-us|free_choice|force|0.02,two-echelon-jade-us|free_choice|force|jade-fc-force-145,jade-fc-force-145,two-echelon-jade-us,free_choice,force,0.02,campaign,8.763492499943823,8.700410999999999,0.0007478330517187715,70336512,168185856,175675570.1288,feasible,gap_limit,True,True,
a37bfb24-dff2-44b0-8c7b-c8c910856562,two-echelon-jade-us|free_choice|force|0.0,two-echelon-jade-us|free_choice|force|jade-fc-force-145,jade-fc-force-145,two-echelon-jade-us,free_choice,force,0.0,campaign,9.788024125038646,9.22861,0.0008588749915361404,70336512,141856768,175553540.5164,optimal,optimality_proven,True,True,
a37bfb24-dff2-44b0-8c7b-c8c910856562,two-echelon-jade-us|free_choice|force|0.005,two-echelon-jade-us|free_choice|force|jade-fc-force-145,jade-fc-force-145,two-echelon-jade-us,free_choice,force,0.005,campaign,10.426258124993183,9.550576000000001,0.0013216659426689148,70418432,137367552,175675570.1288,feasible,gap_limit,True,True,
a37bfb24-dff2-44b0-8c7b-c8c910856562,p-median-us|free_choice|demand|0.005,p-median-us|free_choice|demand|pmus-fc-demand-131,pmus-fc-demand-131,p-median-us,free_choice,demand,0.005,campaign,1.140323750092648,0.54585,0.0016170418821275234,44810240,49991680,18383438664,optimal,optimality_proven,True,True,
a37bfb24-dff2-44b0-8c7b-c8c910856562,p-median-us|free_choice|demand|0.01,p-median-us|free_choice|demand|pmus-fc-demand-131,pmus-fc-demand-131,p-median-us,free_choice,demand,0.01,campaign,0.33076495793648064,0.26832599999999995,0.0006862090667709708,44810240,51908608,18383438664,optimal,optimality_proven,True,True,
a37bfb24-dff2-44b0-8c7b-c8c910856562,p-median-us|free_choice|demand|0.02,p-median-us|free_choice|demand|pmus-fc-demand-131,pmus-fc-demand-131,p-median-us,free_choice,demand,0.02,campaign,0.3240914159687236,0.278129,0.0009486679919064045,44810240,56864768,18383438664,optimal,optimality_proven,True,True,
a37bfb24-dff2-44b0-8c7b-c8c910856562,p-median-us|free_choice|demand|0.0,p-median-us|free_choice|demand|pmus-fc-demand-131,pmus-fc-demand-131,p-median-us,free_choice,demand,0.0,campaign,0.3260329170152545,0.268122,0.0006553329294547439,44810240,50446336,18383438664,optimal,optimality_proven,True,True,
a37bfb24-dff2-44b0-8c7b-c8c910856562,p-median-brazil|free_choice|-|0.02,p-median-brazil|free_choice|-|brazil-fc-none-198,brazil-fc-none-198,p-median-brazil,free_choice,-,0.02,campaign,0.05428375001065433,0.027069,0.0012859159614890814,27983872,0,0,infeasible,infeasible,True,True,
a37bfb24-dff2-44b0-8c7b-c8c910856562,p-median-brazil|free_choice|-|0.0,p-median-brazil|free_choice|-|brazil-fc-none-198,brazil-fc-none-198,p-median-brazil,free_choice,-,0.0,campaign,0.05562925001140684,0.025116999999999997,0.0004450839478522539,27983872,0,0,infeasible,infeasible,True,True,
a37bfb24-dff2-44b0-8c7b-c8c910856562,p-median-brazil|free_choice|-|0.005,p-median-brazil|free_choice|-|brazil-fc-none-198,brazil-fc-none-198,p-median-brazil,free_choice,-,0.005,campaign,0.055549958953633904,0.024609,0.0004166241269558668,28016640,0,0,infeasible,infeasible,True,True,
a37bfb24-dff2-44b0-8c7b-c8c910856562,p-median-brazil|free_choice|-|0.01,p-median-brazil|free_choice|-|brazil-fc-none-198,brazil-fc-none-198,p-median-brazil,free_choice,-,0.01,campaign,0.05552929197438061,0.025994999999999997,0.0008763750083744526,28000256,0,0,infeasible,infeasible,True,True,
a37bfb24-dff2-44b0-8c7b-c8c910856562,p-median-us|free_choice|distance|0.01,p-median-us|free_choice|distance|pmus-fc-distance-28,pmus-fc-distance-28,p-median-us,free_choice,distance,0.01,campaign,0.37496074999216944,0.34102299999999997,0.0008106249151751399,44810240,56918016,29873735731,optimal,optimality_proven,True,True,
a37bfb24-dff2-44b0-8c7b-c8c910856562,p-median-us|free_choice|distance|0.005,p-median-us|free_choice|distance|pmus-fc-distance-28,pmus-fc-distance-28,p-median-us,free_choice,distance,0.005,campaign,0.37236008304171264,0.345939,0.0006756259826943278,44826624,59006976,29873735731,optimal,optimality_proven,True,True,
a37bfb24-dff2-44b0-8c7b-c8c910856562,p-median-us|free_choice|distance|0.02,p-median-us|free_choice|distance|pmus-fc-distance-28,pmus-fc-distance-28,p-median-us,free_choice,distance,0.02,campaign,0.3791365409269929,0.320927,0.0007136670174077153,44826624,55848960,29873735731,optimal,optimality_proven,True,True,
a37bfb24-dff2-44b0-8c7b-c8c910856562,p-median-us|free_choice|distance|0.0,p-median-us|free_choice|distance|pmus-fc-distance-28,pmus-fc-distance-28,p-median-us,free_choice,distance,0.0,campaign,0.3307882499648258,0.317988,0.0006485830526798964,44826624,51638272,29873735731,optimal,optimality_proven,True,True,
a37bfb24-dff2-44b0-8c7b-c8c910856562,chens-cosmetics-cn|forced_open|-|0.01,chens-cosmetics-cn|forced_open|-|chens-fo-none-3,chens-fo-none-3,chens-cosmetics-cn,forced_open,-,0.01,campaign,0.44029329193290323,0.422474,0.0006507920334115624,50577408,27746304,0,infeasible,infeasible,True,True,
a37bfb24-dff2-44b0-8c7b-c8c910856562,chens-cosmetics-cn|forced_open|-|0.02,chens-cosmetics-cn|forced_open|-|chens-fo-none-3,chens-fo-none-3,chens-cosmetics-cn,forced_open,-,0.02,campaign,0.44070370902772993,0.41401899999999997,0.0004922079388052225,50577408,26574848,0,infeasible,infeasible,True,True,
a37bfb24-dff2-44b0-8c7b-c8c910856562,chens-cosmetics-cn|forced_open|-|0.0,chens-cosmetics-cn|forced_open|-|chens-fo-none-3,chens-fo-none-3,chens-cosmetics-cn,forced_open,-,0.0,campaign,0.42948329204227775,0.417021,0.0006181669887155294,50593792,28741632,0,infeasible,infeasible,True,True,
a37bfb24-dff2-44b0-8c7b-c8c910856562,chens-cosmetics-cn|forced_open|-|0.005,chens-cosmetics-cn|forced_open|-|chens-fo-none-3,chens-fo-none-3,chens-cosmetics-cn,forced_open,-,0.005,campaign,0.4902433749521151,0.43118699999999993,0.0005926251178607345,50610176,33841152,0,infeasible,infeasible,True,True,
a37bfb24-dff2-44b0-8c7b-c8c910856562,two-echelon-jade-us|forced_open|-|0.0,two-echelon-jade-us|forced_open|-|jade-fo-none-47,jade-fo-none-47,two-echelon-jade-us,forced_open,-,0.0,campaign,4.7832618749234825,4.662312999999999,0.0008933329954743385,70352896,184905728,178116231.1022,optimal,optimality_proven,True,True,
a37bfb24-dff2-44b0-8c7b-c8c910856562,two-echelon-jade-us|forced_open|-|0.01,two-echelon-jade-us|forced_open|-|jade-fo-none-47,jade-fo-none-47,two-echelon-jade-us,forced_open,-,0.01,campaign,4.92167824995704,4.769776,0.0008962081046774983,70352896,160583680,178116231.1022,optimal,optimality_proven,True,True,
a37bfb24-dff2-44b0-8c7b-c8c910856562,two-echelon-jade-us|forced_open|-|0.02,two-echelon-jade-us|forced_open|-|jade-fo-none-47,jade-fo-none-47,two-echelon-jade-us,forced_open,-,0.02,campaign,4.835216667037457,4.633959,0.0010964159155264497,63143936,188977152,178116231.1022,optimal,optimality_proven,True,True,
a37bfb24-dff2-44b0-8c7b-c8c910856562,two-echelon-jade-us|forced_open|-|0.005,two-echelon-jade-us|forced_open|-|jade-fo-none-47,jade-fo-none-47,two-echelon-jade-us,forced_open,-,0.005,campaign,4.853976208018139,4.625658,0.0010213759960606694,70352896,169619456,178116231.1022,optimal,optimality_proven,True,True,
a37bfb24-dff2-44b0-8c7b-c8c910856562,p-median-brazil|free_choice|-|0.01,p-median-brazil|free_choice|-|brazil-fc-none-138,brazil-fc-none-138,p-median-brazil,free_choice,-,0.01,campaign,0.05564879102166742,0.028665999999999997,0.0006068759830668569,28016640,0,0,infeasible,infeasible,True,True,
a37bfb24-dff2-44b0-8c7b-c8c910856562,p-median-brazil|free_choice|-|0.005,p-median-brazil|free_choice|-|brazil-fc-none-138,brazil-fc-none-138,p-median-brazil,free_choice,-,0.005,campaign,0.05562283401377499,0.029425,0.0010769990039989352,28049408,0,0,infeasible,infeasible,True,True,
a37bfb24-dff2-44b0-8c7b-c8c910856562,p-median-brazil|free_choice|-|0.02,p-median-brazil|free_choice|-|brazil-fc-none-138,brazil-fc-none-138,p-median-brazil,free_choice,-,0.02,campaign,0.05571245797909796,0.028239,0.000630625057965517,28033024,0,0,infeasible,infeasible,True,True,
a37bfb24-dff2-44b0-8c7b-c8c910856562,p-median-brazil|free_choice|-|0.0,p-median-brazil|free_choice|-|brazil-fc-none-138,brazil-fc-none-138,p-median-brazil,free_choice,-,0.0,campaign,0.05254208296537399,0.033052,0.003855000948533416,28114944,0,0,infeasible,infeasible,True,True,
a37bfb24-dff2-44b0-8c7b-c8c910856562,two-echelon-jade-us|free_choice|distance|0.0,two-echelon-jade-us|free_choice|distance|jade-fc-distance-112,jade-fc-distance-112,two-echelon-jade-us,free_choice,distance,0.0,campaign,6.018331958912313,5.596964,0.0007700830465182662,70533120,135434240,181994572.1744,optimal,optimality_proven,True,True,
a37bfb24-dff2-44b0-8c7b-c8c910856562,two-echelon-jade-us|free_choice|distance|0.02,two-echelon-jade-us|free_choice|distance|jade-fc-distance-112,jade-fc-distance-112,two-echelon-jade-us,free_choice,distance,0.02,campaign,5.357515583978966,5.205987,0.0009574160212650895,70385664,163942400,181994572.1744,optimal,optimality_proven,True,True,
a37bfb24-dff2-44b0-8c7b-c8c910856562,two-echelon-jade-us|free_choice|distance|0.005,two-echelon-jade-us|free_choice|distance|jade-fc-distance-112,jade-fc-distance-112,two-echelon-jade-us,free_choice,distance,0.005,campaign,5.538053042022511,5.345187000000001,0.0008160000434145331,70385664,193290240,181994572.1744,optimal,optimality_proven,True,True,
a37bfb24-dff2-44b0-8c7b-c8c910856562,two-echelon-jade-us|free_choice|distance|0.01,two-echelon-jade-us|free_choice|distance|jade-fc-distance-112,jade-fc-distance-112,two-echelon-jade-us,free_choice,distance,0.01,campaign,5.1310680829919875,5.060863,0.000809001037850976,70385664,206225408,181994572.1744,optimal,optimality_proven,True,True,
a37bfb24-dff2-44b0-8c7b-c8c910856562,two-echelon-jade-us|free_choice|demand|0.01,two-echelon-jade-us|free_choice|demand|jade-fc-demand-160,jade-fc-demand-160,two-echelon-jade-us,free_choice,demand,0.01,campaign,4.454104000004008,4.361039,0.0006868749624118209,70336512,181579776,176322755.3278,optimal,optimality_proven,True,True,
a37bfb24-dff2-44b0-8c7b-c8c910856562,two-echelon-jade-us|free_choice|demand|0.02,two-echelon-jade-us|free_choice|demand|jade-fc-demand-160,jade-fc-demand-160,two-echelon-jade-us,free_choice,demand,0.02,campaign,4.434025250026025,4.3835690000000005,0.0011050408938899636,70336512,180621312,176322755.3278,optimal,optimality_proven,True,True,
a37bfb24-dff2-44b0-8c7b-c8c910856562,two-echelon-jade-us|free_choice|demand|0.005,two-echelon-jade-us|free_choice|demand|jade-fc-demand-160,jade-fc-demand-160,two-echelon-jade-us,free_choice,demand,0.005,campaign,4.841251874924637,4.568319,0.0006472080713137984,70336512,197509120,176322755.3278,optimal,optimality_proven,True,True,
a37bfb24-dff2-44b0-8c7b-c8c910856562,two-echelon-jade-us|free_choice|demand|0.0,two-echelon-jade-us|free_choice|demand|jade-fc-demand-160,jade-fc-demand-160,two-echelon-jade-us,free_choice,demand,0.0,campaign,4.9855163330212235,4.684798,0.0008389579597860575,70336512,143220736,176322755.3278,optimal,optimality_proven,True,True,
a37bfb24-dff2-44b0-8c7b-c8c910856562,chens-cosmetics-cn|forced_open|-|0.02,chens-cosmetics-cn|forced_open|-|chens-fo-none-42,chens-fo-none-42,chens-cosmetics-cn,forced_open,-,0.02,campaign,0.4931525000138208,0.460765,0.0007820830214768648,50610176,23490560,0,infeasible,infeasible,True,True,
a37bfb24-dff2-44b0-8c7b-c8c910856562,chens-cosmetics-cn|forced_open|-|0.0,chens-cosmetics-cn|forced_open|-|chens-fo-none-42,chens-fo-none-42,chens-cosmetics-cn,forced_open,-,0.0,campaign,0.48925387498456985,0.456707,0.0005406660493463278,50610176,24227840,0,infeasible,infeasible,True,True,
a37bfb24-dff2-44b0-8c7b-c8c910856562,chens-cosmetics-cn|forced_open|-|0.005,chens-cosmetics-cn|forced_open|-|chens-fo-none-42,chens-fo-none-42,chens-cosmetics-cn,forced_open,-,0.005,campaign,0.49064033408649266,0.47240899999999997,0.0005971658974885941,50610176,24440832,0,infeasible,infeasible,True,True,
a37bfb24-dff2-44b0-8c7b-c8c910856562,chens-cosmetics-cn|forced_open|-|0.01,chens-cosmetics-cn|forced_open|-|chens-fo-none-42,chens-fo-none-42,chens-cosmetics-cn,forced_open,-,0.01,campaign,0.4869330000365153,0.468001,0.000525166979059577,50610176,30826496,0,infeasible,infeasible,True,True,
a37bfb24-dff2-44b0-8c7b-c8c910856562,two-echelon-gold-au|free_choice|demand|0.02,two-echelon-gold-au|free_choice|demand|gold-fc-demand-44,gold-fc-demand-44,two-echelon-gold-au,free_choice,demand,0.02,campaign,0.055642083985731006,0.043748,0.0004499999340623617,28262400,8724480,352688.42,optimal,optimality_proven,True,True,
a37bfb24-dff2-44b0-8c7b-c8c910856562,two-echelon-gold-au|free_choice|demand|0.005,two-echelon-gold-au|free_choice|demand|gold-fc-demand-44,gold-fc-demand-44,two-echelon-gold-au,free_choice,demand,0.005,campaign,0.05304820800665766,0.042341000000000004,0.0004503749078139663,28262400,8523776,352688.42,optimal,optimality_proven,True,True,
a37bfb24-dff2-44b0-8c7b-c8c910856562,two-echelon-gold-au|free_choice|demand|0.01,two-echelon-gold-au|free_choice|demand|gold-fc-demand-44,gold-fc-demand-44,two-echelon-gold-au,free_choice,demand,0.01,campaign,0.05390558298677206,0.04356,0.0004515000618994236,28262400,8523776,352688.42,optimal,optimality_proven,True,True,
a37bfb24-dff2-44b0-8c7b-c8c910856562,two-echelon-gold-au|free_choice|demand|0.0,two-echelon-gold-au|free_choice|demand|gold-fc-demand-44,gold-fc-demand-44,two-echelon-gold-au,free_choice,demand,0.0,campaign,0.05381066701374948,0.043094999999999994,0.0006281239911913872,28262400,8523776,352688.42,optimal,optimality_proven,True,True,
a37bfb24-dff2-44b0-8c7b-c8c910856562,p-median-us|forced_open|-|0.0,p-median-us|forced_open|-|pmus-fo-none-13,pmus-fo-none-13,p-median-us,forced_open,-,0.0,campaign,0.32612370897550136,0.306713,0.0005535410018637776,44810240,47009792,34561103062,optimal,optimality_proven,True,True,
a37bfb24-dff2-44b0-8c7b-c8c910856562,p-median-us|forced_open|-|0.005,p-median-us|forced_open|-|pmus-fo-none-13,pmus-fo-none-13,p-median-us,forced_open,-,0.005,campaign,0.3307635410455987,0.303873,0.0006960008759051561,44810240,54067200,34561103062,optimal,optimality_proven,True,True,
a37bfb24-dff2-44b0-8c7b-c8c910856562,p-median-us|forced_open|-|0.02,p-median-us|forced_open|-|pmus-fo-none-13,pmus-fo-none-13,p-median-us,forced_open,-,0.02,campaign,0.32743704109452665,0.313423,0.0005583759630098939,44810240,56991744,34561103062,optimal,optimality_proven,True,True,
a37bfb24-dff2-44b0-8c7b-c8c910856562,p-median-us|forced_open|-|0.01,p-median-us|forced_open|-|pmus-fo-none-13,pmus-fo-none-13,p-median-us,forced_open,-,0.01,campaign,0.3290483750170097,0.307496,0.0006470830412581563,44810240,52162560,34561103062,optimal,optimality_proven,True,True,
a37bfb24-dff2-44b0-8c7b-c8c910856562,transport-coal|free_choice|distance|0.02,transport-coal|free_choice|distance|coal-fc-distance-23,coal-fc-distance-23,transport-coal,free_choice,distance,0.02,campaign,0.05564595898613334,0.03837,0.0004689160268753767,28311552,6148096,32531000000,optimal,optimality_proven,True,True,
a37bfb24-dff2-44b0-8c7b-c8c910856562,transport-coal|free_choice|distance|0.0,transport-coal|free_choice|distance|coal-fc-distance-23,coal-fc-distance-23,transport-coal,free_choice,distance,0.0,campaign,0.05556687491480261,0.037822999999999996,0.00048204208724200726,28311552,6029312,32531000000,optimal,optimality_proven,True,True,
a37bfb24-dff2-44b0-8c7b-c8c910856562,transport-coal|free_choice|distance|0.01,transport-coal|free_choice|distance|coal-fc-distance-23,coal-fc-distance-23,transport-coal,free_choice,distance,0.01,campaign,0.05548520793672651,0.039185,0.0006796669913455844,28311552,6029312,32531000000,optimal,optimality_proven,True,True,
a37bfb24-dff2-44b0-8c7b-c8c910856562,transport-coal|free_choice|distance|0.005,transport-coal|free_choice|distance|coal-fc-distance-23,coal-fc-distance-23,transport-coal,free_choice,distance,0.005,campaign,0.05566741700749844,0.039268000000000004,0.0004906249232590199,28311552,6029312,32531000000,optimal,optimality_proven,True,True,
a37bfb24-dff2-44b0-8c7b-c8c910856562,two-echelon-gold-au|free_choice|distance|0.005,two-echelon-gold-au|free_choice|distance|gold-fc-distance-134,gold-fc-distance-134,two-echelon-gold-au,free_choice,distance,0.005,campaign,0.055551708093844354,0.042356000000000005,0.0004921249346807599,28295168,8830976,397654.5,optimal,optimality_proven,True,True,
a37bfb24-dff2-44b0-8c7b-c8c910856562,two-echelon-gold-au|free_choice|distance|0.01,two-echelon-gold-au|free_choice|distance|gold-fc-distance-134,gold-fc-distance-134,two-echelon-gold-au,free_choice,distance,0.01,campaign,0.053050125017762184,0.042373,0.00044304190669208765,28295168,8974336,397654.5,optimal,optimality_proven,True,True,
a37bfb24-dff2-44b0-8c7b-c8c910856562,two-echelon-gold-au|free_choice|distance|0.02,two-echelon-gold-au|free_choice|distance|gold-fc-distance-134,gold-fc-distance-134,two-echelon-gold-au,free_choice,distance,0.02,campaign,0.055573916994035244,0.041065000000000004,0.0004238330293446779,28295168,8830976,397654.5,optimal,optimality_proven,True,True,
a37bfb24-dff2-44b0-8c7b-c8c910856562,two-echelon-gold-au|free_choice|distance|0.0,two-echelon-gold-au|free_choice|distance|gold-fc-distance-134,gold-fc-distance-134,two-echelon-gold-au,free_choice,distance,0.0,campaign,0.05553470901213586,0.042308,0.0004316238919273019,28295168,8830976,397654.5,optimal,optimality_proven,True,True,
a37bfb24-dff2-44b0-8c7b-c8c910856562,chens-cosmetics-cn|free_choice|-|0.0,chens-cosmetics-cn|free_choice|-|chens-fc-none-37,chens-fc-none-37,chens-cosmetics-cn,free_choice,-,0.0,campaign,0.43580420792568475,0.41931399999999996,0.0006139170145615935,50610176,28958720,0,infeasible,infeasible,True,True,
a37bfb24-dff2-44b0-8c7b-c8c910856562,chens-cosmetics-cn|free_choice|-|0.005,chens-cosmetics-cn|free_choice|-|chens-fc-none-37,chens-fc-none-37,chens-cosmetics-cn,free_choice,-,0.005,campaign,0.4864677090663463,0.42987699999999995,0.0005646238569170237,50610176,30969856,0,infeasible,infeasible,True,True,
a37bfb24-dff2-44b0-8c7b-c8c910856562,chens-cosmetics-cn|free_choice|-|0.01,chens-cosmetics-cn|free_choice|-|chens-fc-none-37,chens-fc-none-37,chens-cosmetics-cn,free_choice,-,0.01,campaign,0.43951341696083546,0.42076199999999997,0.0005504169967025518,50610176,25948160,0,infeasible,infeasible,True,True,
a37bfb24-dff2-44b0-8c7b-c8c910856562,chens-cosmetics-cn|free_choice|-|0.02,chens-cosmetics-cn|free_choice|-|chens-fc-none-37,chens-fc-none-37,chens-cosmetics-cn,free_choice,-,0.02,campaign,0.43919533398002386,0.41031599999999996,0.0005134580424055457,50610176,27824128,0,infeasible,infeasible,True,True,
a37bfb24-dff2-44b0-8c7b-c8c910856562,p-median-brazil|free_choice|distance|0.0,p-median-brazil|free_choice|distance|brazil-fc-distance-1,brazil-fc-distance-1,p-median-brazil,free_choice,distance,0.0,campaign,0.05560662504285574,0.025026,0.00046808295883238316,28065792,0,,,,False,True,distanceOverrides references id 'CPG' that does not resolve as a customer - not found among customer ids in the base p-median-brazil dataset or this scenario's added entities
a37bfb24-dff2-44b0-8c7b-c8c910856562,p-median-brazil|free_choice|distance|0.005,p-median-brazil|free_choice|distance|brazil-fc-distance-1,brazil-fc-distance-1,p-median-brazil,free_choice,distance,0.005,campaign,0.05560270801652223,0.024687,0.0004503750242292881,28065792,0,,,,False,True,distanceOverrides references id 'CPG' that does not resolve as a customer - not found among customer ids in the base p-median-brazil dataset or this scenario's added entities
a37bfb24-dff2-44b0-8c7b-c8c910856562,p-median-brazil|free_choice|distance|0.01,p-median-brazil|free_choice|distance|brazil-fc-distance-1,brazil-fc-distance-1,p-median-brazil,free_choice,distance,0.01,campaign,0.05564295803196728,0.025002999999999997,0.0006414169911295176,28065792,0,,,,False,True,distanceOverrides references id 'CPG' that does not resolve as a customer - not found among customer ids in the base p-median-brazil dataset or this scenario's added entities
a37bfb24-dff2-44b0-8c7b-c8c910856562,p-median-brazil|free_choice|distance|0.02,p-median-brazil|free_choice|distance|brazil-fc-distance-1,brazil-fc-distance-1,p-median-brazil,free_choice,distance,0.02,campaign,0.055544332950375974,0.025199,0.00046354206278920174,28065792,0,,,,False,True,distanceOverrides references id 'CPG' that does not resolve as a customer - not found among customer ids in the base p-median-brazil dataset or this scenario's added entities
a37bfb24-dff2-44b0-8c7b-c8c910856562,chens-cosmetics-cn|free_choice|-|0.0,chens-cosmetics-cn|free_choice|-|chens-fc-none-124,chens-fc-none-124,chens-cosmetics-cn,free_choice,-,0.0,campaign,0.4887570000719279,0.457652,0.00047804194036871195,50593792,24678400,0,infeasible,infeasible,True,True,
a37bfb24-dff2-44b0-8c7b-c8c910856562,chens-cosmetics-cn|free_choice|-|0.005,chens-cosmetics-cn|free_choice|-|chens-fc-none-124,chens-fc-none-124,chens-cosmetics-cn,free_choice,-,0.005,campaign,0.4911792919738218,0.4588499999999999,0.0005639999872073531,50593792,27848704,0,infeasible,infeasible,True,True,
a37bfb24-dff2-44b0-8c7b-c8c910856562,chens-cosmetics-cn|free_choice|-|0.02,chens-cosmetics-cn|free_choice|-|chens-fc-none-124,chens-fc-none-124,chens-cosmetics-cn,free_choice,-,0.02,campaign,0.4832102080108598,0.477657,0.0005127920303493738,50593792,24453120,0,infeasible,infeasible,True,True,
a37bfb24-dff2-44b0-8c7b-c8c910856562,chens-cosmetics-cn|free_choice|-|0.01,chens-cosmetics-cn|free_choice|-|chens-fc-none-124,chens-fc-none-124,chens-cosmetics-cn,free_choice,-,0.01,campaign,0.49313275003805757,0.476,0.0005654159467667341,50593792,22093824,0,infeasible,infeasible,True,True,
a37bfb24-dff2-44b0-8c7b-c8c910856562,two-echelon-jade-us|forced_open|-|0.0,two-echelon-jade-us|forced_open|-|jade-fo-none-174,jade-fo-none-174,two-echelon-jade-us,forced_open,-,0.0,campaign,3.438897709012963,3.4035170000000003,0.0009777490049600601,70402048,205467648,167878574.856,optimal,optimality_proven,True,True,
a37bfb24-dff2-44b0-8c7b-c8c910856562,two-echelon-jade-us|forced_open|-|0.02,two-echelon-jade-us|forced_open|-|jade-fo-none-174,jade-fo-none-174,two-echelon-jade-us,forced_open,-,0.02,campaign,3.6190184999722987,3.504322,0.0008410420268774033,70385664,180428800,167878574.856,optimal,optimality_proven,True,True,
a37bfb24-dff2-44b0-8c7b-c8c910856562,two-echelon-jade-us|forced_open|-|0.01,two-echelon-jade-us|forced_open|-|jade-fo-none-174,jade-fo-none-174,two-echelon-jade-us,forced_open,-,0.01,campaign,3.440831874962896,3.392002,0.0010321669979020953,70402048,199290880,167878574.856,optimal,optimality_proven,True,True,
a37bfb24-dff2-44b0-8c7b-c8c910856562,two-echelon-jade-us|forced_open|-|0.005,two-echelon-jade-us|forced_open|-|jade-fo-none-174,jade-fo-none-174,two-echelon-jade-us,forced_open,-,0.005,campaign,3.543621917022392,3.426468,0.0007995829218998551,70402048,210829312,167878574.856,optimal,optimality_proven,True,True,
a37bfb24-dff2-44b0-8c7b-c8c910856562,two-echelon-gold-au|free_choice|-|0.01,two-echelon-gold-au|free_choice|-|gold-fc-none-140,gold-fc-none-140,two-echelon-gold-au,free_choice,-,0.01,campaign,0.10625779209658504,0.044435999999999996,0.0009984999196603894,28295168,8527872,386576.99,optimal,optimality_proven,True,True,
a37bfb24-dff2-44b0-8c7b-c8c910856562,two-echelon-gold-au|free_choice|-|0.0,two-echelon-gold-au|free_choice|-|gold-fc-none-140,gold-fc-none-140,two-echelon-gold-au,free_choice,-,0.0,campaign,0.05575170903466642,0.044856,0.0004918320337310433,28295168,8527872,386576.99,optimal,optimality_proven,True,True,
a37bfb24-dff2-44b0-8c7b-c8c910856562,two-echelon-gold-au|free_choice|-|0.005,two-echelon-gold-au|free_choice|-|gold-fc-none-140,gold-fc-none-140,two-echelon-gold-au,free_choice,-,0.005,campaign,0.05363641702570021,0.040152999999999994,0.00047529092989861965,28295168,8523776,386576.99,optimal,optimality_proven,True,True,
a37bfb24-dff2-44b0-8c7b-c8c910856562,two-echelon-gold-au|free_choice|-|0.02,two-echelon-gold-au|free_choice|-|gold-fc-none-140,gold-fc-none-140,two-echelon-gold-au,free_choice,-,0.02,campaign,0.05243391706608236,0.041046,0.00046995794400572777,28295168,8527872,386576.99,optimal,optimality_proven,True,True,
a37bfb24-dff2-44b0-8c7b-c8c910856562,chens-cosmetics-cn|free_choice|demand|0.0,chens-cosmetics-cn|free_choice|demand|chens-fc-demand-99,chens-fc-demand-99,chens-cosmetics-cn,free_choice,demand,0.0,campaign,0.5403641660232097,0.48915,0.000602208892814815,50642944,29073408,0,infeasible,infeasible,True,True,
a37bfb24-dff2-44b0-8c7b-c8c910856562,chens-cosmetics-cn|free_choice|demand|0.02,chens-cosmetics-cn|free_choice|demand|chens-fc-demand-99,chens-fc-demand-99,chens-cosmetics-cn,free_choice,demand,0.02,campaign,0.5490349580068141,0.498222,0.0006297510117292404,50642944,24739840,0,infeasible,infeasible,True,True,
a37bfb24-dff2-44b0-8c7b-c8c910856562,chens-cosmetics-cn|free_choice|demand|0.01,chens-cosmetics-cn|free_choice|demand|chens-fc-demand-99,chens-fc-demand-99,chens-cosmetics-cn,free_choice,demand,0.01,campaign,0.5425252919085324,0.49426600000000004,0.0006141251651570201,50642944,27115520,0,infeasible,infeasible,True,True,
a37bfb24-dff2-44b0-8c7b-c8c910856562,chens-cosmetics-cn|free_choice|demand|0.005,chens-cosmetics-cn|free_choice|demand|chens-fc-demand-99,chens-fc-demand-99,chens-cosmetics-cn,free_choice,demand,0.005,campaign,0.546695000026375,0.509999,0.0009352909401059151,50659328,34590720,0,infeasible,infeasible,True,True,
a37bfb24-dff2-44b0-8c7b-c8c910856562,p-median-us|free_choice|demand|0.02,p-median-us|free_choice|demand|pmus-fc-demand-46,pmus-fc-demand-46,p-median-us,free_choice,demand,0.02,campaign,0.32854079210665077,0.29756499999999997,0.0006942498730495572,44859392,58875904,20666594131,optimal,optimality_proven,True,True,
a37bfb24-dff2-44b0-8c7b-c8c910856562,p-median-us|free_choice|demand|0.01,p-median-us|free_choice|demand|pmus-fc-demand-46,pmus-fc-demand-46,p-median-us,free_choice,demand,0.01,campaign,0.33067199995275587,0.28146,0.000773583073168993,44859392,47095808,20666594131,optimal,optimality_proven,True,True,
a37bfb24-dff2-44b0-8c7b-c8c910856562,p-median-us|free_choice|demand|0.0,p-median-us|free_choice|demand|pmus-fc-demand-46,pmus-fc-demand-46,p-median-us,free_choice,demand,0.0,campaign,0.32403720798902214,0.287232,0.0005729170516133308,44859392,47087616,20666594131,optimal,optimality_proven,True,True,
a37bfb24-dff2-44b0-8c7b-c8c910856562,p-median-us|free_choice|demand|0.005,p-median-us|free_choice|demand|pmus-fc-demand-46,pmus-fc-demand-46,p-median-us,free_choice,demand,0.005,campaign,0.32910370896570385,0.28548199999999996,0.0006187910912558436,44859392,54939648,20666594131,optimal,optimality_proven,True,True,
a37bfb24-dff2-44b0-8c7b-c8c910856562,two-echelon-jade-us|free_choice|-|0.01,two-echelon-jade-us|free_choice|-|jade-fc-none-134,jade-fc-none-134,two-echelon-jade-us,free_choice,-,0.01,campaign,6.409768124925904,6.364173999999999,0.0007655001245439053,70385664,236363776,175553540.5164,feasible,gap_limit,True,True,
a37bfb24-dff2-44b0-8c7b-c8c910856562,two-echelon-jade-us|free_choice|-|0.02,two-echelon-jade-us|free_choice|-|jade-fc-none-134,jade-fc-none-134,two-echelon-jade-us,free_choice,-,0.02,campaign,6.375489125028253,6.346228,0.0006039999425411224,70385664,213286912,175553540.5164,feasible,gap_limit,True,True,
a37bfb24-dff2-44b0-8c7b-c8c910856562,two-echelon-jade-us|free_choice|-|0.005,two-echelon-jade-us|free_choice|-|jade-fc-none-134,jade-fc-none-134,two-echelon-jade-us,free_choice,-,0.005,campaign,6.440889167017303,6.372558,0.0010943749221041799,70385664,192032768,175553540.5164,feasible,gap_limit,True,True,
a37bfb24-dff2-44b0-8c7b-c8c910856562,two-echelon-jade-us|free_choice|-|0.0,two-echelon-jade-us|free_choice|-|jade-fc-none-134,jade-fc-none-134,two-echelon-jade-us,free_choice,-,0.0,campaign,6.488705583033152,6.4380120000000005,0.0006616259925067425,70385664,221519872,175553540.5164,optimal,optimality_proven,True,True,
a37bfb24-dff2-44b0-8c7b-c8c910856562,p-median-us|forced_open|capacity|0.0,p-median-us|forced_open|capacity|pmus-fo-cap-153,pmus-fo-cap-153,p-median-us,forced_open,capacity,0.0,campaign,1.0868626659503207,1.0545339999999999,0.0011009169975295663,44974080,84074496,43345980652,optimal,optimality_proven,True,True,
a37bfb24-dff2-44b0-8c7b-c8c910856562,p-median-us|forced_open|capacity|0.02,p-median-us|forced_open|capacity|pmus-fo-cap-153,pmus-fo-cap-153,p-median-us,forced_open,capacity,0.02,campaign,1.1459168340079486,1.064539,0.0006374579388648272,44974080,75923456,43345980652,feasible,gap_limit,True,True,
a37bfb24-dff2-44b0-8c7b-c8c910856562,p-median-us|forced_open|capacity|0.01,p-median-us|forced_open|capacity|pmus-fo-cap-153,pmus-fo-cap-153,p-median-us,forced_open,capacity,0.01,campaign,1.0376847500447184,0.99584,0.0005749999545514584,44974080,64315392,43345980652,feasible,gap_limit,True,True,
a37bfb24-dff2-44b0-8c7b-c8c910856562,p-median-us|forced_open|capacity|0.005,p-median-us|forced_open|capacity|pmus-fo-cap-153,pmus-fo-cap-153,p-median-us,forced_open,capacity,0.005,campaign,1.093739208066836,1.027175,0.0006085418863222003,44974080,82452480,43345980652,feasible,gap_limit,True,True,
a37bfb24-dff2-44b0-8c7b-c8c910856562,p-median-brazil|forced_open|-|0.01,p-median-brazil|forced_open|-|brazil-fo-none-104,brazil-fo-none-104,p-median-brazil,forced_open,-,0.01,campaign,0.05570329201873392,0.027578,0.0004714579554274678,28114944,0,0,infeasible,infeasible,True,True,
a37bfb24-dff2-44b0-8c7b-c8c910856562,p-median-brazil|forced_open|-|0.005,p-median-brazil|forced_open|-|brazil-fo-none-104,brazil-fo-none-104,p-median-brazil,forced_open,-,0.005,campaign,0.05558908300008625,0.026169,0.00046129198744893074,28114944,0,0,infeasible,infeasible,True,True,
a37bfb24-dff2-44b0-8c7b-c8c910856562,p-median-brazil|forced_open|-|0.0,p-median-brazil|forced_open|-|brazil-fo-none-104,brazil-fo-none-104,p-median-brazil,forced_open,-,0.0,campaign,0.05559720809105784,0.026185,0.0004527919227257371,28114944,0,0,infeasible,infeasible,True,True,
a37bfb24-dff2-44b0-8c7b-c8c910856562,p-median-brazil|forced_open|-|0.02,p-median-brazil|forced_open|-|brazil-fo-none-104,brazil-fo-none-104,p-median-brazil,forced_open,-,0.02,campaign,0.05304999998770654,0.026077999999999997,0.000458208960480988,28114944,0,0,infeasible,infeasible,True,True,
a37bfb24-dff2-44b0-8c7b-c8c910856562,two-echelon-gold-au|free_choice|-|0.005,two-echelon-gold-au|free_choice|-|gold-fc-none-122,gold-fc-none-122,two-echelon-gold-au,free_choice,-,0.005,campaign,0.055635959026403725,0.042899,0.00045224896166473627,28311552,8527872,391503.17,optimal,optimality_proven,True,True,
a37bfb24-dff2-44b0-8c7b-c8c910856562,two-echelon-gold-au|free_choice|-|0.0,two-echelon-gold-au|free_choice|-|gold-fc-none-122,gold-fc-none-122,two-echelon-gold-au,free_choice,-,0.0,campaign,0.05561325000599027,0.041359999999999994,0.00048041692934930325,28311552,8531968,391503.17,optimal,optimality_proven,True,True,
a37bfb24-dff2-44b0-8c7b-c8c910856562,two-echelon-gold-au|free_choice|-|0.02,two-echelon-gold-au|free_choice|-|gold-fc-none-122,gold-fc-none-122,two-echelon-gold-au,free_choice,-,0.02,campaign,0.05178258300293237,0.040584999999999996,0.0004551670281216502,28311552,8527872,391503.17,optimal,optimality_proven,True,True,
a37bfb24-dff2-44b0-8c7b-c8c910856562,two-echelon-gold-au|free_choice|-|0.01,two-echelon-gold-au|free_choice|-|gold-fc-none-122,gold-fc-none-122,two-echelon-gold-au,free_choice,-,0.01,campaign,0.05555312498472631,0.040241,0.00041558395605534315,28311552,8531968,391503.17,optimal,optimality_proven,True,True,
a37bfb24-dff2-44b0-8c7b-c8c910856562,transport-coal|free_choice|capacity|0.005,transport-coal|free_choice|capacity|coal-fc-capacity-90,coal-fc-capacity-90,transport-coal,free_choice,capacity,0.005,campaign,0.05560829199384898,0.03741,0.00043370795901864767,28327936,6025216,0,infeasible,infeasible,True,True,
a37bfb24-dff2-44b0-8c7b-c8c910856562,transport-coal|free_choice|capacity|0.02,transport-coal|free_choice|capacity|coal-fc-capacity-90,coal-fc-capacity-90,transport-coal,free_choice,capacity,0.02,campaign,0.05556029104627669,0.037892999999999996,0.0005725838709622622,28327936,6021120,0,infeasible,infeasible,True,True,
a37bfb24-dff2-44b0-8c7b-c8c910856562,transport-coal|free_choice|capacity|0.01,transport-coal|free_choice|capacity|coal-fc-capacity-90,coal-fc-capacity-90,transport-coal,free_choice,capacity,0.01,campaign,0.05550925002899021,0.040929999999999994,0.0004166249418631196,28327936,6025216,0,infeasible,infeasible,True,True,
a37bfb24-dff2-44b0-8c7b-c8c910856562,transport-coal|free_choice|capacity|0.0,transport-coal|free_choice|capacity|coal-fc-capacity-90,coal-fc-capacity-90,transport-coal,free_choice,capacity,0.0,campaign,0.055638749967329204,0.038086999999999996,0.00044366694055497646,28327936,6025216,0,infeasible,infeasible,True,True,
a37bfb24-dff2-44b0-8c7b-c8c910856562,transport-coal|free_choice|distance|0.02,transport-coal|free_choice|distance|coal-fc-distance-163,coal-fc-distance-163,transport-coal,free_choice,distance,0.02,campaign,0.054478166974149644,0.038208,0.00041629199404269457,28327936,6029312,39355300000,optimal,optimality_proven,True,True,
a37bfb24-dff2-44b0-8c7b-c8c910856562,transport-coal|free_choice|distance|0.0,transport-coal|free_choice|distance|coal-fc-distance-163,coal-fc-distance-163,transport-coal,free_choice,distance,0.0,campaign,0.05552612501196563,0.039469,0.00043999997433274984,28327936,6049792,39355300000,optimal,optimality_proven,True,True,
a37bfb24-dff2-44b0-8c7b-c8c910856562,transport-coal|free_choice|distance|0.005,transport-coal|free_choice|distance|coal-fc-distance-163,coal-fc-distance-163,transport-coal,free_choice,distance,0.005,campaign,0.054700749926269054,0.039625,0.000453291111625731,28327936,6025216,39355300000,optimal,optimality_proven,True,True,
a37bfb24-dff2-44b0-8c7b-c8c910856562,transport-coal|free_choice|distance|0.01,transport-coal|free_choice|distance|coal-fc-distance-163,coal-fc-distance-163,transport-coal,free_choice,distance,0.01,campaign,0.055563249974511564,0.039149,0.0004569160519167781,28327936,6029312,39355300000,optimal,optimality_proven,True,True,
a37bfb24-dff2-44b0-8c7b-c8c910856562,chens-cosmetics-cn|free_choice|distance|0.0,chens-cosmetics-cn|free_choice|distance|chens-fc-distance-135,chens-fc-distance-135,chens-cosmetics-cn,free_choice,distance,0.0,campaign,0.4871384999714792,0.46876300000000004,0.0005964169977232814,50675712,24100864,0,infeasible,infeasible,True,True,
a37bfb24-dff2-44b0-8c7b-c8c910856562,chens-cosmetics-cn|free_choice|distance|0.02,chens-cosmetics-cn|free_choice|distance|chens-fc-distance-135,chens-fc-distance-135,chens-cosmetics-cn,free_choice,distance,0.02,campaign,0.4899129589321092,0.459236,0.0005292490823194385,50675712,28606464,0,infeasible,infeasible,True,True,
a37bfb24-dff2-44b0-8c7b-c8c910856562,chens-cosmetics-cn|free_choice|distance|0.005,chens-cosmetics-cn|free_choice|distance|chens-fc-distance-135,chens-fc-distance-135,chens-cosmetics-cn,free_choice,distance,0.005,campaign,0.49580829206388444,0.459443,0.0005520830163732171,50675712,28139520,0,infeasible,infeasible,True,True,
a37bfb24-dff2-44b0-8c7b-c8c910856562,chens-cosmetics-cn|free_choice|distance|0.01,chens-cosmetics-cn|free_choice|distance|chens-fc-distance-135,chens-fc-distance-135,chens-cosmetics-cn,free_choice,distance,0.01,campaign,0.49393408303149045,0.458997,0.0005480420077219605,50675712,25063424,0,infeasible,infeasible,True,True,
a37bfb24-dff2-44b0-8c7b-c8c910856562,two-echelon-jade-us|free_choice|capacity|0.01,two-echelon-jade-us|free_choice|capacity|jade-fc-capacity-162,jade-fc-capacity-162,two-echelon-jade-us,free_choice,capacity,0.01,campaign,3.1634085840778425,3.136446,0.0009915409609675407,70434816,178511872,144647433.2261,optimal,optimality_proven,True,True,
a37bfb24-dff2-44b0-8c7b-c8c910856562,two-echelon-jade-us|free_choice|capacity|0.005,two-echelon-jade-us|free_choice|capacity|jade-fc-capacity-162,jade-fc-capacity-162,two-echelon-jade-us,free_choice,capacity,0.005,campaign,3.2124136249767616,3.1400639999999997,0.0006654160097241402,70434816,187158528,144647433.2261,optimal,optimality_proven,True,True,
a37bfb24-dff2-44b0-8c7b-c8c910856562,two-echelon-jade-us|free_choice|capacity|0.02,two-echelon-jade-us|free_choice|capacity|jade-fc-capacity-162,jade-fc-capacity-162,two-echelon-jade-us,free_choice,capacity,0.02,campaign,3.1775132910115644,3.141231,0.0005706249503418803,70451200,183054336,144647433.2261,optimal,optimality_proven,True,True,
a37bfb24-dff2-44b0-8c7b-c8c910856562,two-echelon-jade-us|free_choice|capacity|0.0,two-echelon-jade-us|free_choice|capacity|jade-fc-capacity-162,jade-fc-capacity-162,two-echelon-jade-us,free_choice,capacity,0.0,campaign,3.2040541250025854,3.1591829999999996,0.0005813339957967401,70451200,187731968,144647433.2261,optimal,optimality_proven,True,True,
a37bfb24-dff2-44b0-8c7b-c8c910856562,chens-cosmetics-cn|free_choice|demand|0.02,chens-cosmetics-cn|free_choice|demand|chens-fc-demand-171,chens-fc-demand-171,chens-cosmetics-cn,free_choice,demand,0.02,campaign,0.49152445897925645,0.457936,0.0005516250384971499,50659328,27000832,0,infeasible,infeasible,True,True,
a37bfb24-dff2-44b0-8c7b-c8c910856562,chens-cosmetics-cn|free_choice|demand|0.0,chens-cosmetics-cn|free_choice|demand|chens-fc-demand-171,chens-fc-demand-171,chens-cosmetics-cn,free_choice,demand,0.0,campaign,0.49354708299506456,0.45840200000000003,0.000619376078248024,50659328,24920064,0,infeasible,infeasible,True,True,
a37bfb24-dff2-44b0-8c7b-c8c910856562,chens-cosmetics-cn|free_choice|demand|0.005,chens-cosmetics-cn|free_choice|demand|chens-fc-demand-171,chens-fc-demand-171,chens-cosmetics-cn,free_choice,demand,0.005,campaign,0.48760745907202363,0.453497,0.0006433739326894283,50659328,27529216,0,infeasible,infeasible,True,True,
a37bfb24-dff2-44b0-8c7b-c8c910856562,chens-cosmetics-cn|free_choice|demand|0.01,chens-cosmetics-cn|free_choice|demand|chens-fc-demand-171,chens-fc-demand-171,chens-cosmetics-cn,free_choice,demand,0.01,campaign,0.48598158301319927,0.464642,0.0011023749830201268,50659328,31272960,0,infeasible,infeasible,True,True,
a37bfb24-dff2-44b0-8c7b-c8c910856562,p-median-us|forced_open|-|0.01,p-median-us|forced_open|-|pmus-fo-none-2,pmus-fo-none-2,p-median-us,forced_open,-,0.01,campaign,0.27136004203930497,0.259999,0.0005254159914329648,44892160,46952448,24648671984,optimal,optimality_proven,True,True,
a37bfb24-dff2-44b0-8c7b-c8c910856562,p-median-us|forced_open|-|0.02,p-median-us|forced_open|-|pmus-fo-none-2,pmus-fo-none-2,p-median-us,forced_open,-,0.02,campaign,0.27572062495164573,0.258679,0.0005332920700311661,44892160,51802112,24648671984,optimal,optimality_proven,True,True,
a37bfb24-dff2-44b0-8c7b-c8c910856562,p-median-us|forced_open|-|0.0,p-median-us|forced_open|-|pmus-fo-none-2,pmus-fo-none-2,p-median-us,forced_open,-,0.0,campaign,0.2757120419992134,0.258868,0.0005340829957276583,44892160,52535296,24648671984,optimal,optimality_proven,True,True,
a37bfb24-dff2-44b0-8c7b-c8c910856562,p-median-us|forced_open|-|0.005,p-median-us|forced_open|-|pmus-fo-none-2,pmus-fo-none-2,p-median-us,forced_open,-,0.005,campaign,0.27371554099954665,0.262994,0.0005634590052068233,44892160,56733696,24648671984,optimal,optimality_proven,True,True,
a37bfb24-dff2-44b0-8c7b-c8c910856562,transport-coal|free_choice|demand|0.0,transport-coal|free_choice|demand|coal-fc-demand-154,coal-fc-demand-154,transport-coal,free_choice,demand,0.0,campaign,0.05568591691553593,0.038134999999999995,0.0004917490296065807,28327936,6029312,36628744000,optimal,optimality_proven,True,True,
a37bfb24-dff2-44b0-8c7b-c8c910856562,transport-coal|free_choice|demand|0.005,transport-coal|free_choice|demand|coal-fc-demand-154,coal-fc-demand-154,transport-coal,free_choice,demand,0.005,campaign,0.055639708996750414,0.038027000000000005,0.0004209158942103386,28327936,6029312,36628744000,optimal,optimality_proven,True,True,
a37bfb24-dff2-44b0-8c7b-c8c910856562,transport-coal|free_choice|demand|0.02,transport-coal|free_choice|demand|coal-fc-demand-154,coal-fc-demand-154,transport-coal,free_choice,demand,0.02,campaign,0.05560425005387515,0.037095,0.0004053749144077301,28327936,6029312,36628744000,optimal,optimality_proven,True,True,
a37bfb24-dff2-44b0-8c7b-c8c910856562,transport-coal|free_choice|demand|0.01,transport-coal|free_choice|demand|coal-fc-demand-154,coal-fc-demand-154,transport-coal,free_choice,demand,0.01,campaign,0.05078945797868073,0.037262,0.00039854203350842,28327936,6029312,36628744000,optimal,optimality_proven,True,True,
a37bfb24-dff2-44b0-8c7b-c8c910856562,chens-cosmetics-cn|free_choice|force|0.005,chens-cosmetics-cn|free_choice|force|chens-fc-force-184,chens-fc-force-184,chens-cosmetics-cn,free_choice,force,0.005,campaign,0.4884408329380676,0.4542729999999999,0.0007053751032799482,49938432,23564288,0,infeasible,infeasible,True,True,
a37bfb24-dff2-44b0-8c7b-c8c910856562,chens-cosmetics-cn|free_choice|force|0.01,chens-cosmetics-cn|free_choice|force|chens-fc-force-184,chens-fc-force-184,chens-cosmetics-cn,free_choice,force,0.01,campaign,0.49156700004823506,0.468626,0.0005360000068321824,49954816,30502912,0,infeasible,infeasible,True,True,
a37bfb24-dff2-44b0-8c7b-c8c910856562,chens-cosmetics-cn|free_choice|force|0.0,chens-cosmetics-cn|free_choice|force|chens-fc-force-184,chens-fc-force-184,chens-cosmetics-cn,free_choice,force,0.0,campaign,0.49360429192893207,0.45923400000000003,0.0006594160804525018,49954816,30392320,0,infeasible,infeasible,True,True,
a37bfb24-dff2-44b0-8c7b-c8c910856562,chens-cosmetics-cn|free_choice|force|0.02,chens-cosmetics-cn|free_choice|force|chens-fc-force-184,chens-fc-force-184,chens-cosmetics-cn,free_choice,force,0.02,campaign,0.4886579579906538,0.45853,0.0005727089010179043,49954816,22327296,0,infeasible,infeasible,True,True,
a37bfb24-dff2-44b0-8c7b-c8c910856562,chens-cosmetics-cn|free_choice|demand|0.01,chens-cosmetics-cn|free_choice|demand|chens-fc-demand-172,chens-fc-demand-172,chens-cosmetics-cn,free_choice,demand,0.01,campaign,0.4957930420059711,0.48538099999999995,0.0004890830023214221,50675712,23511040,0,infeasible,infeasible,True,True,
a37bfb24-dff2-44b0-8c7b-c8c910856562,chens-cosmetics-cn|free_choice|demand|0.005,chens-cosmetics-cn|free_choice|demand|chens-fc-demand-172,chens-fc-demand-172,chens-cosmetics-cn,free_choice,demand,0.005,campaign,0.5377215839689597,0.489595,0.0006452909437939525,50675712,25317376,0,infeasible,infeasible,True,True,
a37bfb24-dff2-44b0-8c7b-c8c910856562,chens-cosmetics-cn|free_choice|demand|0.0,chens-cosmetics-cn|free_choice|demand|chens-fc-demand-172,chens-fc-demand-172,chens-cosmetics-cn,free_choice,demand,0.0,campaign,0.5436642919667065,0.493607,0.0005909580504521728,50675712,27627520,0,infeasible,infeasible,True,True,
a37bfb24-dff2-44b0-8c7b-c8c910856562,chens-cosmetics-cn|free_choice|demand|0.02,chens-cosmetics-cn|free_choice|demand|chens-fc-demand-172,chens-fc-demand-172,chens-cosmetics-cn,free_choice,demand,0.02,campaign,0.5986264169914648,0.529841,0.0028792909579351544,50675712,30175232,0,infeasible,infeasible,True,True,
a37bfb24-dff2-44b0-8c7b-c8c910856562,p-median-brazil|free_choice|force|0.0,p-median-brazil|free_choice|force|brazil-fc-force-116,brazil-fc-force-116,p-median-brazil,free_choice,force,0.0,campaign,0.056499874917790294,0.029491,0.00142008310649544,28164096,0,0,infeasible,infeasible,True,True,
a37bfb24-dff2-44b0-8c7b-c8c910856562,p-median-brazil|free_choice|force|0.02,p-median-brazil|free_choice|force|brazil-fc-force-116,brazil-fc-force-116,p-median-brazil,free_choice,force,0.02,campaign,0.05605345801450312,0.027392999999999997,0.0005009169690310955,28164096,0,0,infeasible,infeasible,True,True,
a37bfb24-dff2-44b0-8c7b-c8c910856562,p-median-brazil|free_choice|force|0.005,p-median-brazil|free_choice|force|brazil-fc-force-116,brazil-fc-force-116,p-median-brazil,free_choice,force,0.005,campaign,0.055651500006206334,0.029387,0.0005026250146329403,28196864,0,0,infeasible,infeasible,True,True,
a37bfb24-dff2-44b0-8c7b-c8c910856562,p-median-brazil|free_choice|force|0.01,p-median-brazil|free_choice|force|brazil-fc-force-116,brazil-fc-force-116,p-median-brazil,free_choice,force,0.01,campaign,0.055641000042669475,0.024963,0.0007022079080343246,28164096,0,0,infeasible,infeasible,True,True,
a37bfb24-dff2-44b0-8c7b-c8c910856562,transport-coal|free_choice|demand|0.02,transport-coal|free_choice|demand|coal-fc-demand-161,coal-fc-demand-161,transport-coal,free_choice,demand,0.02,campaign,0.055624542059376836,0.040447,0.00046683300752192736,28327936,6029312,35634134000,optimal,optimality_proven,True,True,
a37bfb24-dff2-44b0-8c7b-c8c910856562,transport-coal|free_choice|demand|0.005,transport-coal|free_choice|demand|coal-fc-demand-161,coal-fc-demand-161,transport-coal,free_choice,demand,0.005,campaign,0.05561995797324926,0.03919,0.00046100106555968523,28327936,6037504,35634134000,optimal,optimality_proven,True,True,
a37bfb24-dff2-44b0-8c7b-c8c910856562,transport-coal|free_choice|demand|0.01,transport-coal|free_choice|demand|coal-fc-demand-161,coal-fc-demand-161,transport-coal,free_choice,demand,0.01,campaign,0.055633916053920984,0.038481999999999995,0.00043520890176296234,28327936,6029312,35634134000,optimal,optimality_proven,True,True,
a37bfb24-dff2-44b0-8c7b-c8c910856562,transport-coal|free_choice|demand|0.0,transport-coal|free_choice|demand|coal-fc-demand-161,coal-fc-demand-161,transport-coal,free_choice,demand,0.0,campaign,0.055689207976683974,0.037847,0.0004389589885249734,28327936,6029312,35634134000,optimal,optimality_proven,True,True,
a37bfb24-dff2-44b0-8c7b-c8c910856562,two-echelon-jade-us|free_choice|-|0.005,two-echelon-jade-us|free_choice|-|jade-fc-none-136,jade-fc-none-136,two-echelon-jade-us,free_choice,-,0.005,campaign,3.5537691669305786,3.5098059999999998,0.0006986240623518825,70434816,175099904,165728606.0342,optimal,optimality_proven,True,True,
a37bfb24-dff2-44b0-8c7b-c8c910856562,two-echelon-jade-us|free_choice|-|0.0,two-echelon-jade-us|free_choice|-|jade-fc-none-136,jade-fc-none-136,two-echelon-jade-us,free_choice,-,0.0,campaign,3.5127617090474814,3.4818,0.0006693329196423292,70434816,189861888,165728606.0342,optimal,optimality_proven,True,True,
a37bfb24-dff2-44b0-8c7b-c8c910856562,two-echelon-jade-us|free_choice|-|0.02,two-echelon-jade-us|free_choice|-|jade-fc-none-136,jade-fc-none-136,two-echelon-jade-us,free_choice,-,0.02,campaign,3.481870915973559,3.443577,0.0005867090076208115,70434816,196268032,165728606.0342,optimal,optimality_proven,True,True,
a37bfb24-dff2-44b0-8c7b-c8c910856562,two-echelon-jade-us|free_choice|-|0.01,two-echelon-jade-us|free_choice|-|jade-fc-none-136,jade-fc-none-136,two-echelon-jade-us,free_choice,-,0.01,campaign,3.602447542012669,3.539676,0.0007667499594390392,70434816,167383040,165728606.0342,optimal,optimality_proven,True,True,
a37bfb24-dff2-44b0-8c7b-c8c910856562,two-echelon-jade-us|forced_open|-|0.0,two-echelon-jade-us|forced_open|-|jade-fo-none-71,jade-fo-none-71,two-echelon-jade-us,forced_open,-,0.0,campaign,7.715404833084904,7.628379000000001,0.0007767919450998306,70434816,170881024,186944754.1233,optimal,optimality_proven,True,True,
a37bfb24-dff2-44b0-8c7b-c8c910856562,two-echelon-jade-us|forced_open|-|0.02,two-echelon-jade-us|forced_open|-|jade-fo-none-71,jade-fo-none-71,two-echelon-jade-us,forced_open,-,0.02,campaign,7.640559084014967,7.580011,0.000760124996304512,70434816,204423168,186944754.1233,optimal,optimality_proven,True,True,
a37bfb24-dff2-44b0-8c7b-c8c910856562,two-echelon-jade-us|forced_open|-|0.01,two-echelon-jade-us|forced_open|-|jade-fo-none-71,jade-fo-none-71,two-echelon-jade-us,forced_open,-,0.01,campaign,7.615392374922521,7.55902,0.0006856659892946482,70434816,195383296,186944754.1233,optimal,optimality_proven,True,True,
a37bfb24-dff2-44b0-8c7b-c8c910856562,two-echelon-jade-us|forced_open|-|0.005,two-echelon-jade-us|forced_open|-|jade-fo-none-71,jade-fo-none-71,two-echelon-jade-us,forced_open,-,0.005,campaign,7.634034166927449,7.561806,0.0009268331341445446,70434816,188424192,186944754.1233,optimal,optimality_proven,True,True,
a37bfb24-dff2-44b0-8c7b-c8c910856562,p-median-us|free_choice|force|0.005,p-median-us|free_choice|force|pmus-fc-force-86,pmus-fc-force-86,p-median-us,free_choice,force,0.005,campaign,0.27579854195937514,0.25665,0.0005618741270154715,44941312,46505984,20674274707,optimal,optimality_proven,True,True,
a37bfb24-dff2-44b0-8c7b-c8c910856562,p-median-us|free_choice|force|0.02,p-median-us|free_choice|force|pmus-fc-force-86,pmus-fc-force-86,p-median-us,free_choice,force,0.02,campaign,0.2738508330658078,0.25312,0.0008773759473115206,44941312,46514176,20674274707,optimal,optimality_proven,True,True,
a37bfb24-dff2-44b0-8c7b-c8c910856562,p-median-us|free_choice|force|0.0,p-median-us|free_choice|force|pmus-fc-force-86,pmus-fc-force-86,p-median-us,free_choice,force,0.0,campaign,0.27577591699082404,0.251641,0.0009657080518081784,44941312,52146176,20674274707,optimal,optimality_proven,True,True,
a37bfb24-dff2-44b0-8c7b-c8c910856562,p-median-us|free_choice|force|0.01,p-median-us|free_choice|force|pmus-fc-force-86,pmus-fc-force-86,p-median-us,free_choice,force,0.01,campaign,0.26902929204516113,0.253501,0.0008315000450238585,44941312,50941952,20674274707,optimal,optimality_proven,True,True,
a37bfb24-dff2-44b0-8c7b-c8c910856562,chens-cosmetics-cn|free_choice|distance|0.02,chens-cosmetics-cn|free_choice|distance|chens-fc-distance-94,chens-fc-distance-94,chens-cosmetics-cn,free_choice,distance,0.02,campaign,0.43482087505981326,0.405001,0.0007452089339494705,50724864,30121984,0,infeasible,infeasible,True,True,
a37bfb24-dff2-44b0-8c7b-c8c910856562,chens-cosmetics-cn|free_choice|distance|0.005,chens-cosmetics-cn|free_choice|distance|chens-fc-distance-94,chens-fc-distance-94,chens-cosmetics-cn,free_choice,distance,0.005,campaign,0.4339555420447141,0.40741099999999997,0.0006626249523833394,50724864,23687168,0,infeasible,infeasible,True,True,
a37bfb24-dff2-44b0-8c7b-c8c910856562,chens-cosmetics-cn|free_choice|distance|0.0,chens-cosmetics-cn|free_choice|distance|chens-fc-distance-94,chens-fc-distance-94,chens-cosmetics-cn,free_choice,distance,0.0,campaign,0.43408333300612867,0.409176,0.0008424168918281794,50724864,27283456,0,infeasible,infeasible,True,True,
a37bfb24-dff2-44b0-8c7b-c8c910856562,chens-cosmetics-cn|free_choice|distance|0.01,chens-cosmetics-cn|free_choice|distance|chens-fc-distance-94,chens-fc-distance-94,chens-cosmetics-cn,free_choice,distance,0.01,campaign,0.4332160409539938,0.402,0.0009751670295372605,50724864,20434944,0,infeasible,infeasible,True,True,
a37bfb24-dff2-44b0-8c7b-c8c910856562,two-echelon-jade-us|free_choice|distance|0.005,two-echelon-jade-us|free_choice|distance|jade-fc-distance-5,jade-fc-distance-5,two-echelon-jade-us,free_choice,distance,0.005,campaign,8.049129582941532,7.952571,0.0008039590902626514,70467584,182366208,175553540.5164,feasible,gap_limit,True,True,
a37bfb24-dff2-44b0-8c7b-c8c910856562,two-echelon-jade-us|free_choice|distance|0.0,two-echelon-jade-us|free_choice|distance|jade-fc-distance-5,jade-fc-distance-5,two-echelon-jade-us,free_choice,distance,0.0,campaign,8.260571332997642,8.104924,0.0007710419595241547,70467584,216350720,175553540.5164,optimal,optimality_proven,True,True,
a37bfb24-dff2-44b0-8c7b-c8c910856562,two-echelon-jade-us|free_choice|distance|0.01,two-echelon-jade-us|free_choice|distance|jade-fc-distance-5,jade-fc-distance-5,two-echelon-jade-us,free_choice,distance,0.01,campaign,8.028335709008388,7.973295,0.0011003740364685655,70467584,223580160,175553540.5164,feasible,gap_limit,True,True,
a37bfb24-dff2-44b0-8c7b-c8c910856562,two-echelon-jade-us|free_choice|distance|0.02,two-echelon-jade-us|free_choice|distance|jade-fc-distance-5,jade-fc-distance-5,two-echelon-jade-us,free_choice,distance,0.02,campaign,8.181937957997434,8.058632,0.001346917008049786,70467584,194437120,175553540.5164,feasible,gap_limit,True,True,
a37bfb24-dff2-44b0-8c7b-c8c910856562,chens-cosmetics-cn|forced_open|-|0.005,chens-cosmetics-cn|forced_open|-|chens-fo-none-15,chens-fo-none-15,chens-cosmetics-cn,forced_open,-,0.005,campaign,0.4328182080062106,0.40406499999999995,0.0008707080269232392,50708480,20406272,0,infeasible,infeasible,True,True,
a37bfb24-dff2-44b0-8c7b-c8c910856562,chens-cosmetics-cn|forced_open|-|0.01,chens-cosmetics-cn|forced_open|-|chens-fo-none-15,chens-fo-none-15,chens-cosmetics-cn,forced_open,-,0.01,campaign,0.44056000001728535,0.405786,0.0006335419602692127,50692096,23547904,0,infeasible,infeasible,True,True,
a37bfb24-dff2-44b0-8c7b-c8c910856562,chens-cosmetics-cn|forced_open|-|0.0,chens-cosmetics-cn|forced_open|-|chens-fo-none-15,chens-fo-none-15,chens-cosmetics-cn,forced_open,-,0.0,campaign,0.4347350000170991,0.406395,0.0006660419749096036,50692096,20332544,0,infeasible,infeasible,True,True,
a37bfb24-dff2-44b0-8c7b-c8c910856562,chens-cosmetics-cn|forced_open|-|0.02,chens-cosmetics-cn|forced_open|-|chens-fo-none-15,chens-fo-none-15,chens-cosmetics-cn,forced_open,-,0.02,campaign,0.43427991692442447,0.401597,0.0004685421008616686,50692096,23883776,0,infeasible,infeasible,True,True,
a37bfb24-dff2-44b0-8c7b-c8c910856562,two-echelon-gold-au|forced_open|-|0.0,two-echelon-gold-au|forced_open|-|gold-fo-none-60,gold-fo-none-60,two-echelon-gold-au,forced_open,-,0.0,campaign,0.05574333295226097,0.040777999999999995,0.0004501261282712221,28360704,7376896,422755.16,optimal,optimality_proven,True,True,
a37bfb24-dff2-44b0-8c7b-c8c910856562,two-echelon-gold-au|forced_open|-|0.005,two-echelon-gold-au|forced_open|-|gold-fo-none-60,gold-fo-none-60,two-echelon-gold-au,forced_open,-,0.005,campaign,0.05570383393205702,0.038537999999999996,0.0006349580362439156,28360704,7196672,422755.16,optimal,optimality_proven,True,True,
a37bfb24-dff2-44b0-8c7b-c8c910856562,two-echelon-gold-au|forced_open|-|0.02,two-echelon-gold-au|forced_open|-|gold-fo-none-60,gold-fo-none-60,two-echelon-gold-au,forced_open,-,0.02,campaign,0.050737124984152615,0.039365,0.0004431669367477298,28360704,7204864,422755.16,optimal,optimality_proven,True,True,
a37bfb24-dff2-44b0-8c7b-c8c910856562,two-echelon-gold-au|forced_open|-|0.01,two-echelon-gold-au|forced_open|-|gold-fo-none-60,gold-fo-none-60,two-echelon-gold-au,forced_open,-,0.01,campaign,0.05113616609014571,0.039949000000000005,0.000445042853243649,28360704,7204864,422755.16,optimal,optimality_proven,True,True,
a37bfb24-dff2-44b0-8c7b-c8c910856562,p-median-us|free_choice|distance|0.02,p-median-us|free_choice|distance|pmus-fc-distance-108,pmus-fc-distance-108,p-median-us,free_choice,distance,0.02,campaign,0.37970116594806314,0.33945899999999996,0.0006758340168744326,44957696,56246272,29873735731,optimal,optimality_proven,True,True,
a37bfb24-dff2-44b0-8c7b-c8c910856562,p-median-us|free_choice|distance|0.01,p-median-us|free_choice|distance|pmus-fc-distance-108,pmus-fc-distance-108,p-median-us,free_choice,distance,0.01,campaign,0.3307765000499785,0.318705,0.0007768749492242932,44957696,55091200,29873735731,optimal,optimality_proven,True,True,
a37bfb24-dff2-44b0-8c7b-c8c910856562,p-median-us|free_choice|distance|0.005,p-median-us|free_choice|distance|pmus-fc-distance-108,pmus-fc-distance-108,p-median-us,free_choice,distance,0.005,campaign,0.379650125047192,0.31838099999999997,0.0006717079086229205,44957696,60211200,29873735731,optimal,optimality_proven,True,True,
a37bfb24-dff2-44b0-8c7b-c8c910856562,p-median-us|free_choice|distance|0.0,p-median-us|free_choice|distance|pmus-fc-distance-108,pmus-fc-distance-108,p-median-us,free_choice,distance,0.0,campaign,0.3302762499079108,0.31921299999999997,0.003169708070345223,44957696,58593280,29873735731,optimal,optimality_proven,True,True,
a37bfb24-dff2-44b0-8c7b-c8c910856562,two-echelon-gold-au|forced_open|-|0.01,two-echelon-gold-au|forced_open|-|gold-fo-none-106,gold-fo-none-106,two-echelon-gold-au,forced_open,-,0.01,campaign,0.05101358296815306,0.040463,0.0004235419910401106,28360704,7204864,425718.5,optimal,optimality_proven,True,True,
a37bfb24-dff2-44b0-8c7b-c8c910856562,two-echelon-gold-au|forced_open|-|0.02,two-echelon-gold-au|forced_open|-|gold-fo-none-106,gold-fo-none-106,two-echelon-gold-au,forced_open,-,0.02,campaign,0.05560741701629013,0.038713,0.00045608298387378454,28360704,7204864,425718.5,optimal,optimality_proven,True,True,
a37bfb24-dff2-44b0-8c7b-c8c910856562,two-echelon-gold-au|forced_open|-|0.005,two-echelon-gold-au|forced_open|-|gold-fo-none-106,gold-fo-none-106,two-echelon-gold-au,forced_open,-,0.005,campaign,0.0555100420024246,0.038517,0.0004368330119177699,28360704,7196672,425718.5,optimal,optimality_proven,True,True,
a37bfb24-dff2-44b0-8c7b-c8c910856562,two-echelon-gold-au|forced_open|-|0.0,two-echelon-gold-au|forced_open|-|gold-fo-none-106,gold-fo-none-106,two-echelon-gold-au,forced_open,-,0.0,campaign,0.05558862502221018,0.03961099999999999,0.0004290000069886446,28360704,7204864,425718.5,optimal,optimality_proven,True,True,
a37bfb24-dff2-44b0-8c7b-c8c910856562,two-echelon-jade-us|free_choice|force|0.0,two-echelon-jade-us|free_choice|force|jade-fc-force-199,jade-fc-force-199,two-echelon-jade-us,free_choice,force,0.0,campaign,3.537680875044316,3.5046139999999997,0.0006690418813377619,70254592,197697536,165728606.0342,optimal,optimality_proven,True,True,
a37bfb24-dff2-44b0-8c7b-c8c910856562,two-echelon-jade-us|free_choice|force|0.02,two-echelon-jade-us|free_choice|force|jade-fc-force-199,jade-fc-force-199,two-echelon-jade-us,free_choice,force,0.02,campaign,3.5396290839416906,3.468259,0.0007842490449547768,70549504,173076480,165728606.0342,optimal,optimality_proven,True,True,
a37bfb24-dff2-44b0-8c7b-c8c910856562,two-echelon-jade-us|free_choice|force|0.005,two-echelon-jade-us|free_choice|force|jade-fc-force-199,jade-fc-force-199,two-echelon-jade-us,free_choice,force,0.005,campaign,3.5413911669747904,3.4620409999999997,0.0006621250649914145,70451200,184963072,165728606.0342,optimal,optimality_proven,True,True,
a37bfb24-dff2-44b0-8c7b-c8c910856562,two-echelon-jade-us|free_choice|force|0.01,two-echelon-jade-us|free_choice|force|jade-fc-force-199,jade-fc-force-199,two-echelon-jade-us,free_choice,force,0.01,campaign,3.49578116601333,3.458493,0.0005831669550389051,70451200,160563200,165728606.0342,optimal,optimality_proven,True,True,
a37bfb24-dff2-44b0-8c7b-c8c910856562,chens-cosmetics-cn|free_choice|force|0.0,chens-cosmetics-cn|free_choice|force|chens-fc-force-40,chens-fc-force-40,chens-cosmetics-cn,free_choice,force,0.0,campaign,0.4872382920002565,0.458193,0.0005304579390212893,49954816,21454848,0,infeasible,infeasible,True,True,
a37bfb24-dff2-44b0-8c7b-c8c910856562,chens-cosmetics-cn|free_choice|force|0.02,chens-cosmetics-cn|free_choice|force|chens-fc-force-40,chens-fc-force-40,chens-cosmetics-cn,free_choice,force,0.02,campaign,0.4896565000526607,0.45036699999999996,0.0008837080094963312,49954816,19591168,0,infeasible,infeasible,True,True,
a37bfb24-dff2-44b0-8c7b-c8c910856562,chens-cosmetics-cn|free_choice|force|0.01,chens-cosmetics-cn|free_choice|force|chens-fc-force-40,chens-fc-force-40,chens-cosmetics-cn,free_choice,force,0.01,campaign,0.4902379580307752,0.453779,0.0005175839178264141,49954816,23031808,0,infeasible,infeasible,True,True,
a37bfb24-dff2-44b0-8c7b-c8c910856562,chens-cosmetics-cn|free_choice|force|0.005,chens-cosmetics-cn|free_choice|force|chens-fc-force-40,chens-fc-force-40,chens-cosmetics-cn,free_choice,force,0.005,campaign,0.48921470798086375,0.453211,0.0006002499721944332,49954816,19587072,0,infeasible,infeasible,True,True,
a37bfb24-dff2-44b0-8c7b-c8c910856562,chens-cosmetics-cn|free_choice|force|0.01,chens-cosmetics-cn|free_choice|force|chens-fc-force-106,chens-fc-force-106,chens-cosmetics-cn,free_choice,force,0.01,campaign,0.43484254099894315,0.41199399999999997,0.0005358760245144367,49971200,29671424,0,infeasible,infeasible,True,True,
a37bfb24-dff2-44b0-8c7b-c8c910856562,chens-cosmetics-cn|free_choice|force|0.02,chens-cosmetics-cn|free_choice|force|chens-fc-force-106,chens-fc-force-106,chens-cosmetics-cn,free_choice,force,0.02,campaign,0.43373537494335324,0.40651699999999996,0.0008326669922098517,49971200,22859776,0,infeasible,infeasible,True,True,
a37bfb24-dff2-44b0-8c7b-c8c910856562,chens-cosmetics-cn|free_choice|force|0.0,chens-cosmetics-cn|free_choice|force|chens-fc-force-106,chens-fc-force-106,chens-cosmetics-cn,free_choice,force,0.0,campaign,0.4400607909774408,0.40352599999999994,0.0005572501104325056,49971200,25108480,0,infeasible,infeasible,True,True,
a37bfb24-dff2-44b0-8c7b-c8c910856562,chens-cosmetics-cn|free_choice|force|0.005,chens-cosmetics-cn|free_choice|force|chens-fc-force-106,chens-fc-force-106,chens-cosmetics-cn,free_choice,force,0.005,campaign,0.4376659169793129,0.4115559999999999,0.0005266240332275629,49971200,27389952,0,infeasible,infeasible,True,True,
a37bfb24-dff2-44b0-8c7b-c8c910856562,two-echelon-jade-us|free_choice|distance|0.005,two-echelon-jade-us|free_choice|distance|jade-fc-distance-131,jade-fc-distance-131,two-echelon-jade-us,free_choice,distance,0.005,campaign,3.262877583038062,3.208016,0.0005974579835310578,70483968,180936704,165728606.0342,optimal,optimality_proven,True,True,
a37bfb24-dff2-44b0-8c7b-c8c910856562,two-echelon-jade-us|free_choice|distance|0.01,two-echelon-jade-us|free_choice|distance|jade-fc-distance-131,jade-fc-distance-131,two-echelon-jade-us,free_choice,distance,0.01,campaign,3.2688480420038104,3.2359219999999995,0.0010059999767690897,70483968,198254592,165728606.0342,optimal,optimality_proven,True,True,
a37bfb24-dff2-44b0-8c7b-c8c910856562,two-echelon-jade-us|free_choice|distance|0.02,two-echelon-jade-us|free_choice|distance|jade-fc-distance-131,jade-fc-distance-131,two-echelon-jade-us,free_choice,distance,0.02,campaign,3.278727166936733,3.2161309999999994,0.0007672080537304282,70549504,206950400,165728606.0342,optimal,optimality_proven,True,True,
a37bfb24-dff2-44b0-8c7b-c8c910856562,two-echelon-jade-us|free_choice|distance|0.0,two-echelon-jade-us|free_choice|distance|jade-fc-distance-131,jade-fc-distance-131,two-echelon-jade-us,free_choice,distance,0.0,campaign,3.2814106249716133,3.2260720000000003,0.0007041250355541706,70483968,177037312,165728606.0342,optimal,optimality_proven,True,True,
a37bfb24-dff2-44b0-8c7b-c8c910856562,p-median-us|free_choice|-|0.005,p-median-us|free_choice|-|pmus-fc-none-69,pmus-fc-none-69,p-median-us,free_choice,-,0.005,campaign,0.3193185420241207,0.28141099999999997,0.0005111250793561339,44924928,47230976,20674274707,optimal,optimality_proven,True,True,
a37bfb24-dff2-44b0-8c7b-c8c910856562,p-median-us|free_choice|-|0.0,p-median-us|free_choice|-|pmus-fc-none-69,pmus-fc-none-69,p-median-us,free_choice,-,0.0,campaign,0.3267674590460956,0.285732,0.0005139568820595741,44941312,47235072,20674274707,optimal,optimality_proven,True,True,
a37bfb24-dff2-44b0-8c7b-c8c910856562,p-median-us|free_choice|-|0.01,p-median-us|free_choice|-|pmus-fc-none-69,pmus-fc-none-69,p-median-us,free_choice,-,0.01,campaign,0.32718662498518825,0.285605,0.0005619169678539038,44957696,52486144,20674274707,optimal,optimality_proven,True,True,
a37bfb24-dff2-44b0-8c7b-c8c910856562,p-median-us|free_choice|-|0.02,p-median-us|free_choice|-|pmus-fc-none-69,pmus-fc-none-69,p-median-us,free_choice,-,0.02,campaign,0.32448237494099885,0.28240899999999997,0.0006090420065447688,44957696,47235072,20674274707,optimal,optimality_proven,True,True,
a37bfb24-dff2-44b0-8c7b-c8c910856562,two-echelon-gold-au|free_choice|distance|0.005,two-echelon-gold-au|free_choice|distance|gold-fc-distance-145,gold-fc-distance-145,two-echelon-gold-au,free_choice,distance,0.005,campaign,0.05578670906834304,0.04371799999999999,0.00045441591646522284,28393472,8523776,411980.48,optimal,optimality_proven,True,True,
a37bfb24-dff2-44b0-8c7b-c8c910856562,two-echelon-gold-au|free_choice|distance|0.0,two-echelon-gold-au|free_choice|distance|gold-fc-distance-145,gold-fc-distance-145,two-echelon-gold-au,free_choice,distance,0.0,campaign,0.05566770804580301,0.039833999999999994,0.0005418750224635005,28393472,8527872,411980.48,optimal,optimality_proven,True,True,
a37bfb24-dff2-44b0-8c7b-c8c910856562,two-echelon-gold-au|free_choice|distance|0.01,two-echelon-gold-au|free_choice|distance|gold-fc-distance-145,gold-fc-distance-145,two-echelon-gold-au,free_choice,distance,0.01,campaign,0.05553254205733538,0.041096,0.0006718329386785626,28393472,8527872,411980.48,optimal,optimality_proven,True,True,
a37bfb24-dff2-44b0-8c7b-c8c910856562,two-echelon-gold-au|free_choice|distance|0.02,two-echelon-gold-au|free_choice|distance|gold-fc-distance-145,gold-fc-distance-145,two-echelon-gold-au,free_choice,distance,0.02,campaign,0.05563116702251136,0.042966,0.0005891240434721112,28409856,8523776,411980.48,optimal,optimality_proven,True,True,
a37bfb24-dff2-44b0-8c7b-c8c910856562,two-echelon-jade-us|free_choice|-|0.0,two-echelon-jade-us|free_choice|-|jade-fc-none-167,jade-fc-none-167,two-echelon-jade-us,free_choice,-,0.0,campaign,2.8885993749136105,2.824141,0.0006201250944286585,70467584,196767744,162646849.3511,optimal,optimality_proven,True,True,
a37bfb24-dff2-44b0-8c7b-c8c910856562,two-echelon-jade-us|free_choice|-|0.01,two-echelon-jade-us|free_choice|-|jade-fc-none-167,jade-fc-none-167,two-echelon-jade-us,free_choice,-,0.01,campaign,2.9992337910225615,2.8722410000000003,0.0008131669601425529,70451200,166166528,162646849.3511,optimal,optimality_proven,True,True,
a37bfb24-dff2-44b0-8c7b-c8c910856562,two-echelon-jade-us|free_choice|-|0.02,two-echelon-jade-us|free_choice|-|jade-fc-none-167,jade-fc-none-167,two-echelon-jade-us,free_choice,-,0.02,campaign,2.892190375016071,2.821208,0.0007163749542087317,70467584,169226240,162646849.3511,optimal,optimality_proven,True,True,
a37bfb24-dff2-44b0-8c7b-c8c910856562,two-echelon-jade-us|free_choice|-|0.005,two-echelon-jade-us|free_choice|-|jade-fc-none-167,jade-fc-none-167,two-echelon-jade-us,free_choice,-,0.005,campaign,2.896252749953419,2.840297,0.0007027920801192522,70467584,168144896,162646849.3511,optimal,optimality_proven,True,True,
a37bfb24-dff2-44b0-8c7b-c8c910856562,chens-cosmetics-cn|free_choice|demand|0.02,chens-cosmetics-cn|free_choice|demand|chens-fc-demand-10,chens-fc-demand-10,chens-cosmetics-cn,free_choice,demand,0.02,campaign,0.4931117920204997,0.438418,0.000664415885694325,50708480,26710016,0,infeasible,infeasible,True,True,
a37bfb24-dff2-44b0-8c7b-c8c910856562,chens-cosmetics-cn|free_choice|demand|0.0,chens-cosmetics-cn|free_choice|demand|chens-fc-demand-10,chens-fc-demand-10,chens-cosmetics-cn,free_choice,demand,0.0,campaign,0.4880143339978531,0.43680299999999994,0.000616373959928751,50708480,30474240,0,infeasible,infeasible,True,True,
a37bfb24-dff2-44b0-8c7b-c8c910856562,chens-cosmetics-cn|free_choice|demand|0.005,chens-cosmetics-cn|free_choice|demand|chens-fc-demand-10,chens-fc-demand-10,chens-cosmetics-cn,free_choice,demand,0.005,campaign,0.4886595410062,0.441747,0.0006881250301375985,50708480,32907264,0,infeasible,infeasible,True,True,
a37bfb24-dff2-44b0-8c7b-c8c910856562,chens-cosmetics-cn|free_choice|demand|0.01,chens-cosmetics-cn|free_choice|demand|chens-fc-demand-10,chens-fc-demand-10,chens-cosmetics-cn,free_choice,demand,0.01,campaign,0.48942862497642636,0.44264899999999996,0.0006179999327287078,50708480,24043520,0,infeasible,infeasible,True,True,
a37bfb24-dff2-44b0-8c7b-c8c910856562,chens-cosmetics-cn|free_choice|-|0.005,chens-cosmetics-cn|free_choice|-|chens-fc-none-181,chens-fc-none-181,chens-cosmetics-cn,free_choice,-,0.005,campaign,0.44089674996212125,0.41041099999999997,0.0005489169852808118,50675712,20221952,0,infeasible,infeasible,True,True,
a37bfb24-dff2-44b0-8c7b-c8c910856562,chens-cosmetics-cn|free_choice|-|0.02,chens-cosmetics-cn|free_choice|-|chens-fc-none-181,chens-fc-none-181,chens-cosmetics-cn,free_choice,-,0.02,campaign,0.43370429100468755,0.411893,0.0008333750301972032,50675712,20242432,0,infeasible,infeasible,True,True,
a37bfb24-dff2-44b0-8c7b-c8c910856562,chens-cosmetics-cn|free_choice|-|0.01,chens-cosmetics-cn|free_choice|-|chens-fc-none-181,chens-fc-none-181,chens-cosmetics-cn,free_choice,-,0.01,campaign,0.4367213749792427,0.409923,0.0005157081177458167,50675712,29224960,0,infeasible,infeasible,True,True,
a37bfb24-dff2-44b0-8c7b-c8c910856562,chens-cosmetics-cn|free_choice|-|0.0,chens-cosmetics-cn|free_choice|-|chens-fc-none-181,chens-fc-none-181,chens-cosmetics-cn,free_choice,-,0.0,campaign,0.4361310419626534,0.40930700000000003,0.0010948330163955688,50675712,20365312,0,infeasible,infeasible,True,True,
a37bfb24-dff2-44b0-8c7b-c8c910856562,transport-coal|free_choice|-|0.02,transport-coal|free_choice|-|coal-fc-none-110,coal-fc-none-110,transport-coal,free_choice,-,0.02,campaign,0.05569379101507366,0.04025,0.00045866798609495163,28377088,6144000,0,infeasible,infeasible,True,True,
a37bfb24-dff2-44b0-8c7b-c8c910856562,transport-coal|free_choice|-|0.0,transport-coal|free_choice|-|coal-fc-none-110,coal-fc-none-110,transport-coal,free_choice,-,0.0,campaign,0.05336770799476653,0.038530999999999996,0.00041683309245854616,28377088,6021120,0,infeasible,infeasible,True,True,
a37bfb24-dff2-44b0-8c7b-c8c910856562,transport-coal|free_choice|-|0.01,transport-coal|free_choice|-|coal-fc-none-110,coal-fc-none-110,transport-coal,free_choice,-,0.01,campaign,0.05201858305372298,0.037271,0.0004171249456703663,28377088,6025216,0,infeasible,infeasible,True,True,
a37bfb24-dff2-44b0-8c7b-c8c910856562,transport-coal|free_choice|-|0.005,transport-coal|free_choice|-|coal-fc-none-110,coal-fc-none-110,transport-coal,free_choice,-,0.005,campaign,0.055604708031751215,0.037973,0.0006708330474793911,28377088,6021120,0,infeasible,infeasible,True,True,
a37bfb24-dff2-44b0-8c7b-c8c910856562,p-median-brazil|free_choice|-|0.01,p-median-brazil|free_choice|-|brazil-fc-none-61,brazil-fc-none-61,p-median-brazil,free_choice,-,0.01,campaign,0.05576258304063231,0.025955999999999996,0.00047204189468175173,28164096,0,0,infeasible,infeasible,True,True,
a37bfb24-dff2-44b0-8c7b-c8c910856562,p-median-brazil|free_choice|-|0.0,p-median-brazil|free_choice|-|brazil-fc-none-61,brazil-fc-none-61,p-median-brazil,free_choice,-,0.0,campaign,0.05566774995531887,0.024669,0.0004469580017030239,28164096,0,0,infeasible,infeasible,True,True,
a37bfb24-dff2-44b0-8c7b-c8c910856562,p-median-brazil|free_choice|-|0.005,p-median-brazil|free_choice|-|brazil-fc-none-61,brazil-fc-none-61,p-median-brazil,free_choice,-,0.005,campaign,0.05561633303295821,0.025477,0.000652124872431159,28164096,0,0,infeasible,infeasible,True,True,
a37bfb24-dff2-44b0-8c7b-c8c910856562,p-median-brazil|free_choice|-|0.02,p-median-brazil|free_choice|-|brazil-fc-none-61,brazil-fc-none-61,p-median-brazil,free_choice,-,0.02,campaign,0.05185825005173683,0.025827999999999997,0.0004462909419089556,28180480,0,0,infeasible,infeasible,True,True,
a37bfb24-dff2-44b0-8c7b-c8c910856562,p-median-us|free_choice|force|0.01,p-median-us|free_choice|force|pmus-fc-force-128,pmus-fc-force-128,p-median-us,free_choice,force,0.01,campaign,0.2724072919227183,0.257638,0.0005522490246221423,44990464,46825472,29873735731,optimal,optimality_proven,True,True,
a37bfb24-dff2-44b0-8c7b-c8c910856562,p-median-us|free_choice|force|0.02,p-median-us|free_choice|force|pmus-fc-force-128,pmus-fc-force-128,p-median-us,free_choice,force,0.02,campaign,0.27415345795452595,0.25685699999999995,0.0005153750535100698,44990464,48152576,29873735731,optimal,optimality_proven,True,True,
a37bfb24-dff2-44b0-8c7b-c8c910856562,p-median-us|free_choice|force|0.005,p-median-us|free_choice|force|pmus-fc-force-128,pmus-fc-force-128,p-median-us,free_choice,force,0.005,campaign,0.27106679196003824,0.251489,0.0004789580125361681,44990464,46817280,29873735731,optimal,optimality_proven,True,True,
a37bfb24-dff2-44b0-8c7b-c8c910856562,p-median-us|free_choice|force|0.0,p-median-us|free_choice|force|pmus-fc-force-128,pmus-fc-force-128,p-median-us,free_choice,force,0.0,campaign,0.27576420805417,0.252285,0.0005247090011835098,44990464,46817280,29873735731,optimal,optimality_proven,True,True,
a37bfb24-dff2-44b0-8c7b-c8c910856562,two-echelon-gold-au|free_choice|force|0.02,two-echelon-gold-au|free_choice|force|gold-fc-force-78,gold-fc-force-78,two-echelon-gold-au,free_choice,force,0.02,campaign,0.05105904198717326,0.039266999999999996,0.00040141597855836153,28393472,7204864,398892.43,optimal,optimality_proven,True,True,
a37bfb24-dff2-44b0-8c7b-c8c910856562,two-echelon-gold-au|free_choice|force|0.01,two-echelon-gold-au|free_choice|force|gold-fc-force-78,gold-fc-force-78,two-echelon-gold-au,free_choice,force,0.01,campaign,0.053856082959100604,0.038011,0.0006719580851495266,28393472,7196672,398892.43,optimal,optimality_proven,True,True,
a37bfb24-dff2-44b0-8c7b-c8c910856562,two-echelon-gold-au|free_choice|force|0.005,two-echelon-gold-au|free_choice|force|gold-fc-force-78,gold-fc-force-78,two-echelon-gold-au,free_choice,force,0.005,campaign,0.05562020803336054,0.038347,0.00041212502401322126,28393472,7204864,398892.43,optimal,optimality_proven,True,True,
a37bfb24-dff2-44b0-8c7b-c8c910856562,two-echelon-gold-au|free_choice|force|0.0,two-echelon-gold-au|free_choice|force|gold-fc-force-78,gold-fc-force-78,two-echelon-gold-au,free_choice,force,0.0,campaign,0.05568745802156627,0.040074,0.00044158403761684895,28393472,7196672,398892.43,optimal,optimality_proven,True,True,
a37bfb24-dff2-44b0-8c7b-c8c910856562,two-echelon-jade-us|free_choice|capacity|0.01,two-echelon-jade-us|free_choice|capacity|jade-fc-capacity-167,jade-fc-capacity-167,two-echelon-jade-us,free_choice,capacity,0.01,campaign,3.4751067500328645,3.455553,0.0005976249231025577,70516736,214540288,165728606.0342,optimal,optimality_proven,True,True,
a37bfb24-dff2-44b0-8c7b-c8c910856562,two-echelon-jade-us|free_choice|capacity|0.005,two-echelon-jade-us|free_choice|capacity|jade-fc-capacity-167,jade-fc-capacity-167,two-echelon-jade-us,free_choice,capacity,0.005,campaign,3.499198624980636,3.434886,0.0009770420147106051,70516736,188588032,165728606.0342,optimal,optimality_proven,True,True,
a37bfb24-dff2-44b0-8c7b-c8c910856562,two-echelon-jade-us|free_choice|capacity|0.02,two-echelon-jade-us|free_choice|capacity|jade-fc-capacity-167,jade-fc-capacity-167,two-echelon-jade-us,free_choice,capacity,0.02,campaign,3.5613250409951434,3.480489,0.0007349590305238962,70516736,199946240,165728606.0342,optimal,optimality_proven,True,True,
a37bfb24-dff2-44b0-8c7b-c8c910856562,two-echelon-jade-us|free_choice|capacity|0.0,two-echelon-jade-us|free_choice|capacity|jade-fc-capacity-167,jade-fc-capacity-167,two-echelon-jade-us,free_choice,capacity,0.0,campaign,3.5312718339264393,3.4630780000000003,0.0007200411055237055,70516736,196423680,165728606.0342,optimal,optimality_proven,True,True,
a37bfb24-dff2-44b0-8c7b-c8c910856562,two-echelon-jade-us|free_choice|capacity|0.02,two-echelon-jade-us|free_choice|capacity|jade-fc-capacity-76,jade-fc-capacity-76,two-echelon-jade-us,free_choice,capacity,0.02,campaign,5.2094072920735925,5.166214999999999,0.000804124865680933,70500352,203128832,181241204.403,feasible,gap_limit,True,True,
a37bfb24-dff2-44b0-8c7b-c8c910856562,two-echelon-jade-us|free_choice|capacity|0.005,two-echelon-jade-us|free_choice|capacity|jade-fc-capacity-76,jade-fc-capacity-76,two-echelon-jade-us,free_choice,capacity,0.005,campaign,5.203148124972358,5.139444,0.0006633329903706908,70500352,207224832,181241204.403,feasible,gap_limit,True,True,
a37bfb24-dff2-44b0-8c7b-c8c910856562,two-echelon-jade-us|free_choice|capacity|0.01,two-echelon-jade-us|free_choice|capacity|jade-fc-capacity-76,jade-fc-capacity-76,two-echelon-jade-us,free_choice,capacity,0.01,campaign,5.2279100000159815,5.171237,0.0007758330320939422,70500352,190984192,181241204.403,feasible,gap_limit,True,True,
a37bfb24-dff2-44b0-8c7b-c8c910856562,two-echelon-jade-us|free_choice|capacity|0.0,two-echelon-jade-us|free_choice|capacity|jade-fc-capacity-76,jade-fc-capacity-76,two-echelon-jade-us,free_choice,capacity,0.0,campaign,5.253493958967738,5.184716999999999,0.0008332490688189864,70500352,214679552,181241204.403,optimal,optimality_proven,True,True,
a37bfb24-dff2-44b0-8c7b-c8c910856562,p-median-us|forced_open|capacity|0.01,p-median-us|forced_open|capacity|pmus-fo-cap-94,pmus-fo-cap-94,p-median-us,forced_open,capacity,0.01,campaign,0.8771805830765516,0.830456,0.0006424998864531517,45072384,81121280,29726657127,feasible,gap_limit,True,True,
a37bfb24-dff2-44b0-8c7b-c8c910856562,p-median-us|forced_open|capacity|0.0,p-median-us|forced_open|capacity|pmus-fo-cap-94,pmus-fo-cap-94,p-median-us,forced_open,capacity,0.0,campaign,0.9308337500551715,0.8820409999999999,0.0007642499404028058,45072384,74702848,29708200483,optimal,optimality_proven,True,True,
a37bfb24-dff2-44b0-8c7b-c8c910856562,p-median-us|forced_open|capacity|0.02,p-median-us|forced_open|capacity|pmus-fo-cap-94,pmus-fo-cap-94,p-median-us,forced_open,capacity,0.02,campaign,0.8726350420620292,0.8400219999999999,0.0005296658491715789,45072384,73617408,29726657127,feasible,gap_limit,True,True,
a37bfb24-dff2-44b0-8c7b-c8c910856562,p-median-us|forced_open|capacity|0.005,p-median-us|forced_open|capacity|pmus-fo-cap-94,pmus-fo-cap-94,p-median-us,forced_open,capacity,0.005,campaign,0.8713639159686863,0.847808,0.0004547510761767626,45072384,71905280,29726657127,feasible,gap_limit,True,True,
a37bfb24-dff2-44b0-8c7b-c8c910856562,chens-cosmetics-cn|free_choice|demand|0.0,chens-cosmetics-cn|free_choice|demand|chens-fc-demand-157,chens-fc-demand-157,chens-cosmetics-cn,free_choice,demand,0.0,campaign,0.4875852920813486,0.430492,0.0005355828907340765,50741248,31739904,0,infeasible,infeasible,True,True,
a37bfb24-dff2-44b0-8c7b-c8c910856562,chens-cosmetics-cn|free_choice|demand|0.01,chens-cosmetics-cn|free_choice|demand|chens-fc-demand-157,chens-fc-demand-157,chens-cosmetics-cn,free_choice,demand,0.01,campaign,0.48894250008743256,0.429008,0.0008730419212952256,50741248,20013056,0,infeasible,infeasible,True,True,
a37bfb24-dff2-44b0-8c7b-c8c910856562,chens-cosmetics-cn|free_choice|demand|0.02,chens-cosmetics-cn|free_choice|demand|chens-fc-demand-157,chens-fc-demand-157,chens-cosmetics-cn,free_choice,demand,0.02,campaign,0.4959584589814767,0.438083,0.0008731660200282931,50741248,27172864,0,infeasible,infeasible,True,True,
a37bfb24-dff2-44b0-8c7b-c8c910856562,chens-cosmetics-cn|free_choice|demand|0.005,chens-cosmetics-cn|free_choice|demand|chens-fc-demand-157,chens-fc-demand-157,chens-cosmetics-cn,free_choice,demand,0.005,campaign,0.49313729105051607,0.435615,0.0010929589625447989,50741248,25997312,0,infeasible,infeasible,True,True,
a37bfb24-dff2-44b0-8c7b-c8c910856562,p-median-us|free_choice|force|0.02,p-median-us|free_choice|force|pmus-fc-force-112,pmus-fc-force-112,p-median-us,free_choice,force,0.02,campaign,0.3294732079375535,0.28332599999999997,0.001368001103401184,44990464,50425856,30174069037,optimal,optimality_proven,True,True,
a37bfb24-dff2-44b0-8c7b-c8c910856562,p-median-us|free_choice|force|0.0,p-median-us|free_choice|force|pmus-fc-force-112,pmus-fc-force-112,p-median-us,free_choice,force,0.0,campaign,0.32278375001624227,0.280597,0.0008632499957457185,44990464,52207616,30174069037,optimal,optimality_proven,True,True,
a37bfb24-dff2-44b0-8c7b-c8c910856562,p-median-us|free_choice|force|0.005,p-median-us|free_choice|force|pmus-fc-force-112,pmus-fc-force-112,p-median-us,free_choice,force,0.005,campaign,0.3272112919948995,0.278533,0.0008915410144254565,44990464,46927872,30174069037,optimal,optimality_proven,True,True,
a37bfb24-dff2-44b0-8c7b-c8c910856562,p-median-us|free_choice|force|0.01,p-median-us|free_choice|force|pmus-fc-force-112,pmus-fc-force-112,p-median-us,free_choice,force,0.01,campaign,0.3267432500142604,0.272341,0.0010703749721869826,45006848,46931968,30174069037,optimal,optimality_proven,True,True,
a37bfb24-dff2-44b0-8c7b-c8c910856562,two-echelon-gold-au|free_choice|force|0.005,two-echelon-gold-au|free_choice|force|gold-fc-force-77,gold-fc-force-77,two-echelon-gold-au,free_choice,force,0.005,campaign,0.05580900004133582,0.041380999999999994,0.0009447089396417141,28393472,7196672,425224.61,optimal,optimality_proven,True,True,
a37bfb24-dff2-44b0-8c7b-c8c910856562,two-echelon-gold-au|free_choice|force|0.02,two-echelon-gold-au|free_choice|force|gold-fc-force-77,gold-fc-force-77,two-echelon-gold-au,free_choice,force,0.02,campaign,0.05353662499692291,0.03963,0.000602042069658637,28393472,7204864,425224.61,optimal,optimality_proven,True,True,
a37bfb24-dff2-44b0-8c7b-c8c910856562,two-echelon-gold-au|free_choice|force|0.0,two-echelon-gold-au|free_choice|force|gold-fc-force-77,gold-fc-force-77,two-echelon-gold-au,free_choice,force,0.0,campaign,0.055545874987728894,0.038242,0.00041908305138349533,28393472,7204864,425224.61,optimal,optimality_proven,True,True,
a37bfb24-dff2-44b0-8c7b-c8c910856562,two-echelon-gold-au|free_choice|force|0.01,two-echelon-gold-au|free_choice|force|gold-fc-force-77,gold-fc-force-77,two-echelon-gold-au,free_choice,force,0.01,campaign,0.055545957991853356,0.039793999999999996,0.00045004207640886307,28393472,7204864,425224.61,optimal,optimality_proven,True,True,
a37bfb24-dff2-44b0-8c7b-c8c910856562,two-echelon-gold-au|free_choice|force|0.005,two-echelon-gold-au|free_choice|force|gold-fc-force-45,gold-fc-force-45,two-echelon-gold-au,free_choice,force,0.005,campaign,0.05562474997714162,0.043479,0.0006652501178905368,28393472,7204864,425224.61,optimal,optimality_proven,True,True,
a37bfb24-dff2-44b0-8c7b-c8c910856562,two-echelon-gold-au|free_choice|force|0.02,two-echelon-gold-au|free_choice|force|gold-fc-force-45,gold-fc-force-45,two-echelon-gold-au,free_choice,force,0.02,campaign,0.055651457980275154,0.042548,0.0006135000148788095,28393472,7204864,425224.61,optimal,optimality_proven,True,True,
a37bfb24-dff2-44b0-8c7b-c8c910856562,two-echelon-gold-au|free_choice|force|0.0,two-echelon-gold-au|free_choice|force|gold-fc-force-45,gold-fc-force-45,two-echelon-gold-au,free_choice,force,0.0,campaign,0.0517801659880206,0.040105999999999996,0.0004282930167391896,28393472,7204864,425224.61,optimal,optimality_proven,True,True,
a37bfb24-dff2-44b0-8c7b-c8c910856562,two-echelon-gold-au|free_choice|force|0.01,two-echelon-gold-au|free_choice|force|gold-fc-force-45,gold-fc-force-45,two-echelon-gold-au,free_choice,force,0.01,campaign,0.05570187501143664,0.040089,0.00043824990279972553,28393472,7204864,425224.61,optimal,optimality_proven,True,True,
a37bfb24-dff2-44b0-8c7b-c8c910856562,chens-cosmetics-cn|forced_open|-|0.01,chens-cosmetics-cn|forced_open|-|chens-fo-none-187,chens-fo-none-187,chens-cosmetics-cn,forced_open,-,0.01,campaign,0.43995887495111674,0.417927,0.0005387921119108796,50741248,25919488,0,infeasible,infeasible,True,True,
a37bfb24-dff2-44b0-8c7b-c8c910856562,chens-cosmetics-cn|forced_open|-|0.005,chens-cosmetics-cn|forced_open|-|chens-fo-none-187,chens-fo-none-187,chens-cosmetics-cn,forced_open,-,0.005,campaign,0.4364300000015646,0.416827,0.0005056660156697035,50741248,27586560,0,infeasible,infeasible,True,True,
a37bfb24-dff2-44b0-8c7b-c8c910856562,chens-cosmetics-cn|forced_open|-|0.02,chens-cosmetics-cn|forced_open|-|chens-fo-none-187,chens-fo-none-187,chens-cosmetics-cn,forced_open,-,0.02,campaign,0.43380424997303635,0.405524,0.0005537910619750619,50741248,20525056,0,infeasible,infeasible,True,True,
a37bfb24-dff2-44b0-8c7b-c8c910856562,chens-cosmetics-cn|forced_open|-|0.0,chens-cosmetics-cn|forced_open|-|chens-fo-none-187,chens-fo-none-187,chens-cosmetics-cn,forced_open,-,0.0,campaign,0.4393327919533476,0.41132599999999997,0.0004566671559587121,50741248,23420928,0,infeasible,infeasible,True,True,
a37bfb24-dff2-44b0-8c7b-c8c910856562,two-echelon-gold-au|free_choice|-|0.02,two-echelon-gold-au|free_choice|-|gold-fc-none-25,gold-fc-none-25,two-echelon-gold-au,free_choice,-,0.02,campaign,0.0557155420538038,0.041588999999999994,0.0005124579183757305,28393472,8523776,398892.43,optimal,optimality_proven,True,True,
a37bfb24-dff2-44b0-8c7b-c8c910856562,two-echelon-gold-au|free_choice|-|0.0,two-echelon-gold-au|free_choice|-|gold-fc-none-25,gold-fc-none-25,two-echelon-gold-au,free_choice,-,0.0,campaign,0.055630542105063796,0.041277999999999995,0.000602124840952456,28393472,8527872,398892.43,optimal,optimality_proven,True,True,
a37bfb24-dff2-44b0-8c7b-c8c910856562,two-echelon-gold-au|free_choice|-|0.005,two-echelon-gold-au|free_choice|-|gold-fc-none-25,gold-fc-none-25,two-echelon-gold-au,free_choice,-,0.005,campaign,0.05560008401516825,0.040382999999999995,0.00041987409349530935,28393472,8527872,398892.43,optimal,optimality_proven,True,True,
a37bfb24-dff2-44b0-8c7b-c8c910856562,two-echelon-gold-au|free_choice|-|0.01,two-echelon-gold-au|free_choice|-|gold-fc-none-25,gold-fc-none-25,two-echelon-gold-au,free_choice,-,0.01,campaign,0.05460083298385143,0.042556,0.0004421250196173787,28393472,8527872,398892.43,optimal,optimality_proven,True,True,
a37bfb24-dff2-44b0-8c7b-c8c910856562,two-echelon-gold-au|free_choice|demand|0.005,two-echelon-gold-au|free_choice|demand|gold-fc-demand-180,gold-fc-demand-180,two-echelon-gold-au,free_choice,demand,0.005,campaign,0.055574166937731206,0.043363,0.00045429111924022436,28409856,8523776,353532.32,optimal,optimality_proven,True,True,
a37bfb24-dff2-44b0-8c7b-c8c910856562,two-echelon-gold-au|free_choice|demand|0.0,two-echelon-gold-au|free_choice|demand|gold-fc-demand-180,gold-fc-demand-180,two-echelon-gold-au,free_choice,demand,0.0,campaign,0.05563987500499934,0.04181,0.00042470800690352917,28409856,8523776,353532.32,optimal,optimality_proven,True,True,
a37bfb24-dff2-44b0-8c7b-c8c910856562,two-echelon-gold-au|free_choice|demand|0.02,two-echelon-gold-au|free_choice|demand|gold-fc-demand-180,gold-fc-demand-180,two-echelon-gold-au,free_choice,demand,0.02,campaign,0.0555762080475688,0.044399999999999995,0.0004412078997120261,28409856,8564736,353532.32,optimal,optimality_proven,True,True,
a37bfb24-dff2-44b0-8c7b-c8c910856562,two-echelon-gold-au|free_choice|demand|0.01,two-echelon-gold-au|free_choice|demand|gold-fc-demand-180,gold-fc-demand-180,two-echelon-gold-au,free_choice,demand,0.01,campaign,0.05559554195497185,0.044814999999999994,0.0004137080395594239,28409856,8523776,353532.32,optimal,optimality_proven,True,True,
a37bfb24-dff2-44b0-8c7b-c8c910856562,p-median-brazil|free_choice|-|0.01,p-median-brazil|free_choice|-|brazil-fc-none-197,brazil-fc-none-197,p-median-brazil,free_choice,-,0.01,campaign,0.05558158305939287,0.024966999999999996,0.0003921668976545334,28180480,0,0,infeasible,infeasible,True,True,
a37bfb24-dff2-44b0-8c7b-c8c910856562,p-median-brazil|free_choice|-|0.02,p-median-brazil|free_choice|-|brazil-fc-none-197,brazil-fc-none-197,p-median-brazil,free_choice,-,0.02,campaign,0.05567408294882625,0.026344999999999997,0.0004135420313104987,28180480,0,0,infeasible,infeasible,True,True,
a37bfb24-dff2-44b0-8c7b-c8c910856562,p-median-brazil|free_choice|-|0.0,p-median-brazil|free_choice|-|brazil-fc-none-197,brazil-fc-none-197,p-median-brazil,free_choice,-,0.0,campaign,0.05561562499497086,0.026664999999999998,0.00044891599100083113,28196864,0,0,infeasible,infeasible,True,True,
a37bfb24-dff2-44b0-8c7b-c8c910856562,p-median-brazil|free_choice|-|0.005,p-median-brazil|free_choice|-|brazil-fc-none-197,brazil-fc-none-197,p-median-brazil,free_choice,-,0.005,campaign,0.05492745793890208,0.02744,0.0009152080165222287,28196864,0,0,infeasible,infeasible,True,True,
a37bfb24-dff2-44b0-8c7b-c8c910856562,p-median-us|forced_open|-|0.0,p-median-us|forced_open|-|pmus-fo-none-121,pmus-fo-none-121,p-median-us,forced_open,-,0.0,campaign,0.3278839170234278,0.29522,0.0005767080001533031,45023232,46829568,35085992073,optimal,optimality_proven,True,True,
a37bfb24-dff2-44b0-8c7b-c8c910856562,p-median-us|forced_open|-|0.005,p-median-us|forced_open|-|pmus-fo-none-121,pmus-fo-none-121,p-median-us,forced_open,-,0.005,campaign,0.32581945904530585,0.29761,0.000573249883018434,45039616,52101120,35085992073,optimal,optimality_proven,True,True,
a37bfb24-dff2-44b0-8c7b-c8c910856562,p-median-us|forced_open|-|0.02,p-median-us|forced_open|-|pmus-fo-none-121,pmus-fo-none-121,p-median-us,forced_open,-,0.02,campaign,0.32899962493684143,0.29679599999999995,0.0005315830931067467,45039616,46723072,35085992073,optimal,optimality_proven,True,True,
a37bfb24-dff2-44b0-8c7b-c8c910856562,p-median-us|forced_open|-|0.01,p-median-us|forced_open|-|pmus-fo-none-121,pmus-fo-none-121,p-median-us,forced_open,-,0.01,campaign,0.32382066594436765,0.295345,0.0008006250718608499,45039616,52887552,35085992073,optimal,optimality_proven,True,True,
a37bfb24-dff2-44b0-8c7b-c8c910856562,two-echelon-jade-us|free_choice|force|0.005,two-echelon-jade-us|free_choice|force|jade-fc-force-185,jade-fc-force-185,two-echelon-jade-us,free_choice,force,0.005,campaign,9.150025458075106,8.794074,0.0011179998982697725,64421888,145682432,175675570.1288,feasible,gap_limit,True,True,
a37bfb24-dff2-44b0-8c7b-c8c910856562,two-echelon-jade-us|free_choice|force|0.01,two-echelon-jade-us|free_choice|force|jade-fc-force-185,jade-fc-force-185,two-echelon-jade-us,free_choice,force,0.01,campaign,8.66560616705101,8.537675,0.000992832938209176,70533120,187813888,175675570.1288,feasible,gap_limit,True,True,
a37bfb24-dff2-44b0-8c7b-c8c910856562,two-echelon-jade-us|free_choice|force|0.02,two-echelon-jade-us|free_choice|force|jade-fc-force-185,jade-fc-force-185,two-echelon-jade-us,free_choice,force,0.02,campaign,8.776088542072102,8.571575,0.0011185408802703023,70533120,182054912,175675570.1288,feasible,gap_limit,True,True,
a37bfb24-dff2-44b0-8c7b-c8c910856562,two-echelon-jade-us|free_choice|force|0.0,two-echelon-jade-us|free_choice|force|jade-fc-force-185,jade-fc-force-185,two-echelon-jade-us,free_choice,force,0.0,campaign,8.763629749999382,8.605394,0.0009502919856458902,70533120,184098816,175553540.5164,optimal,optimality_proven,True,True,
a37bfb24-dff2-44b0-8c7b-c8c910856562,two-echelon-jade-us|free_choice|demand|0.005,two-echelon-jade-us|free_choice|demand|jade-fc-demand-133,jade-fc-demand-133,two-echelon-jade-us,free_choice,demand,0.005,campaign,8.13034033391159,8.068514,0.0008105410961434245,70516736,186331136,175132896.7219,feasible,gap_limit,True,True,
a37bfb24-dff2-44b0-8c7b-c8c910856562,two-echelon-jade-us|free_choice|demand|0.0,two-echelon-jade-us|free_choice|demand|jade-fc-demand-133,jade-fc-demand-133,two-echelon-jade-us,free_choice,demand,0.0,campaign,8.0310552919982,7.962899,0.0009412080980837345,70516736,222523392,175132896.7219,optimal,optimality_proven,True,True,
a37bfb24-dff2-44b0-8c7b-c8c910856562,two-echelon-jade-us|free_choice|demand|0.01,two-echelon-jade-us|free_choice|demand|jade-fc-demand-133,jade-fc-demand-133,two-echelon-jade-us,free_choice,demand,0.01,campaign,8.091173416934907,7.980295000000001,0.0010474580340087414,70516736,165388288,175132896.7219,feasible,gap_limit,True,True,
a37bfb24-dff2-44b0-8c7b-c8c910856562,two-echelon-jade-us|free_choice|demand|0.02,two-echelon-jade-us|free_choice|demand|jade-fc-demand-133,jade-fc-demand-133,two-echelon-jade-us,free_choice,demand,0.02,campaign,8.242467541946098,8.120228000000001,0.0007932920707389712,70516736,169197568,175132896.7219,feasible,gap_limit,True,True,
a37bfb24-dff2-44b0-8c7b-c8c910856562,p-median-brazil|forced_open|capacity|0.01,p-median-brazil|forced_open|capacity|brazil-fo-cap-104,brazil-fo-cap-104,p-median-brazil,forced_open,capacity,0.01,campaign,0.06070333404932171,0.026385,0.001418165978975594,28262400,0,0,infeasible,infeasible,True,True,
a37bfb24-dff2-44b0-8c7b-c8c910856562,p-median-brazil|forced_open|capacity|0.02,p-median-brazil|forced_open|capacity|brazil-fo-cap-104,brazil-fo-cap-104,p-median-brazil,forced_open,capacity,0.02,campaign,0.05560604203492403,0.025105,0.000610582996159792,28262400,0,0,infeasible,infeasible,True,True,
a37bfb24-dff2-44b0-8c7b-c8c910856562,p-median-brazil|forced_open|capacity|0.005,p-median-brazil|forced_open|capacity|brazil-fo-cap-104,brazil-fo-cap-104,p-median-brazil,forced_open,capacity,0.005,campaign,0.05181950004771352,0.025192,0.0006188330007717013,28262400,0,0,infeasible,infeasible,True,True,
a37bfb24-dff2-44b0-8c7b-c8c910856562,p-median-brazil|forced_open|capacity|0.0,p-median-brazil|forced_open|capacity|brazil-fo-cap-104,brazil-fo-cap-104,p-median-brazil,forced_open,capacity,0.0,campaign,0.0606523749884218,0.024918999999999997,0.0006180420750752091,28262400,0,0,infeasible,infeasible,True,True,
a37bfb24-dff2-44b0-8c7b-c8c910856562,p-median-brazil|free_choice|force|0.02,p-median-brazil|free_choice|force|brazil-fc-force-43,brazil-fc-force-43,p-median-brazil,free_choice,force,0.02,campaign,0.05526020796969533,0.026845,0.0005306260427460074,28246016,0,0,infeasible,infeasible,True,True,
a37bfb24-dff2-44b0-8c7b-c8c910856562,p-median-brazil|free_choice|force|0.01,p-median-brazil|free_choice|force|brazil-fc-force-43,brazil-fc-force-43,p-median-brazil,free_choice,force,0.01,campaign,0.06066454201936722,0.025571,0.0005011250032112002,28246016,0,0,infeasible,infeasible,True,True,
a37bfb24-dff2-44b0-8c7b-c8c910856562,p-median-brazil|free_choice|force|0.005,p-median-brazil|free_choice|force|brazil-fc-force-43,brazil-fc-force-43,p-median-brazil,free_choice,force,0.005,campaign,0.057736084097996354,0.026006,0.0006704569095745683,28246016,0,0,infeasible,infeasible,True,True,
a37bfb24-dff2-44b0-8c7b-c8c910856562,p-median-brazil|free_choice|force|0.0,p-median-brazil|free_choice|force|brazil-fc-force-43,brazil-fc-force-43,p-median-brazil,free_choice,force,0.0,campaign,0.06073370901867747,0.027004,0.0008048319723457098,28246016,0,0,infeasible,infeasible,True,True,
a37bfb24-dff2-44b0-8c7b-c8c910856562,p-median-us|forced_open|-|0.0,p-median-us|forced_open|-|pmus-fo-none-187,pmus-fo-none-187,p-median-us,forced_open,-,0.0,campaign,0.4803116660332307,0.32747,0.0005822499515488744,45023232,49864704,20674274707,optimal,optimality_proven,True,True,
a37bfb24-dff2-44b0-8c7b-c8c910856562,p-median-us|forced_open|-|0.02,p-median-us|forced_open|-|pmus-fo-none-187,pmus-fo-none-187,p-median-us,forced_open,-,0.02,campaign,0.33969958301167935,0.276698,0.0005762090440839529,45023232,59965440,20674274707,optimal,optimality_proven,True,True,
a37bfb24-dff2-44b0-8c7b-c8c910856562,p-median-us|forced_open|-|0.01,p-median-us|forced_open|-|pmus-fo-none-187,pmus-fo-none-187,p-median-us,forced_open,-,0.01,campaign,0.27687045803759247,0.250954,0.0004955419572070241,45023232,47022080,20674274707,optimal,optimality_proven,True,True,
a37bfb24-dff2-44b0-8c7b-c8c910856562,p-median-us|forced_open|-|0.005,p-median-us|forced_open|-|pmus-fo-none-187,pmus-fo-none-187,p-median-us,forced_open,-,0.005,campaign,0.29112575005274266,0.24744,0.000732540967874229,45023232,47022080,20674274707,optimal,optimality_proven,True,True,
a37bfb24-dff2-44b0-8c7b-c8c910856562,chens-cosmetics-cn|free_choice|force|0.0,chens-cosmetics-cn|free_choice|force|chens-fc-force-7,chens-fc-force-7,chens-cosmetics-cn,free_choice,force,0.0,campaign,0.4653143340256065,0.43899299999999997,0.0005303749348968267,50036736,28672000,0,infeasible,infeasible,True,True,
a37bfb24-dff2-44b0-8c7b-c8c910856562,chens-cosmetics-cn|free_choice|force|0.02,chens-cosmetics-cn|free_choice|force|chens-fc-force-7,chens-fc-force-7,chens-cosmetics-cn,free_choice,force,0.02,campaign,0.47061679197940975,0.43518999999999997,0.0004842919297516346,50053120,20332544,0,infeasible,infeasible,True,True,
a37bfb24-dff2-44b0-8c7b-c8c910856562,chens-cosmetics-cn|free_choice|force|0.005,chens-cosmetics-cn|free_choice|force|chens-fc-force-7,chens-fc-force-7,chens-cosmetics-cn,free_choice,force,0.005,campaign,0.46385970804840326,0.435837,0.0007384589407593012,50053120,21266432,0,infeasible,infeasible,True,True,
a37bfb24-dff2-44b0-8c7b-c8c910856562,chens-cosmetics-cn|free_choice|force|0.01,chens-cosmetics-cn|free_choice|force|chens-fc-force-7,chens-fc-force-7,chens-cosmetics-cn,free_choice,force,0.01,campaign,0.46817474998533726,0.4367,0.000612374977208674,50069504,22040576,0,infeasible,infeasible,True,True,
a37bfb24-dff2-44b0-8c7b-c8c910856562,p-median-us|free_choice|force|0.02,p-median-us|free_choice|force|pmus-fc-force-143,pmus-fc-force-143,p-median-us,free_choice,force,0.02,campaign,0.28783395898062736,0.240314,0.000644332030788064,45039616,46919680,18387506274,optimal,optimality_proven,True,True,
a37bfb24-dff2-44b0-8c7b-c8c910856562,p-median-us|free_choice|force|0.0,p-median-us|free_choice|force|pmus-fc-force-143,pmus-fc-force-143,p-median-us,free_choice,force,0.0,campaign,0.29670129192527384,0.24169599999999997,0.0007702490547671914,45039616,46915584,18387506274,optimal,optimality_proven,True,True,
a37bfb24-dff2-44b0-8c7b-c8c910856562,p-median-us|free_choice|force|0.01,p-median-us|free_choice|force|pmus-fc-force-143,pmus-fc-force-143,p-median-us,free_choice,force,0.01,campaign,0.29167624993715435,0.245035,0.0007707910845056176,45039616,50454528,18387506274,optimal,optimality_proven,True,True,
a37bfb24-dff2-44b0-8c7b-c8c910856562,p-median-us|free_choice|force|0.005,p-median-us|free_choice|force|pmus-fc-force-143,pmus-fc-force-143,p-median-us,free_choice,force,0.005,campaign,0.29515933408401906,0.24103299999999997,0.0007569158915430307,45039616,46919680,18387506274,optimal,optimality_proven,True,True,
a37bfb24-dff2-44b0-8c7b-c8c910856562,chens-cosmetics-cn|free_choice|demand|0.005,chens-cosmetics-cn|free_choice|demand|chens-fc-demand-57,chens-fc-demand-57,chens-cosmetics-cn,free_choice,demand,0.005,campaign,0.4682945830281824,0.44195599999999996,0.0006630419520661235,50823168,27992064,0,infeasible,infeasible,True,True,
a37bfb24-dff2-44b0-8c7b-c8c910856562,chens-cosmetics-cn|free_choice|demand|0.0,chens-cosmetics-cn|free_choice|demand|chens-fc-demand-57,chens-fc-demand-57,chens-cosmetics-cn,free_choice,demand,0.0,campaign,0.4750961670652032,0.439206,0.00047004094813019037,50823168,21946368,0,infeasible,infeasible,True,True,
a37bfb24-dff2-44b0-8c7b-c8c910856562,chens-cosmetics-cn|free_choice|demand|0.01,chens-cosmetics-cn|free_choice|demand|chens-fc-demand-57,chens-fc-demand-57,chens-cosmetics-cn,free_choice,demand,0.01,campaign,0.46588387503288686,0.437545,0.0006412919610738754,50823168,34037760,0,infeasible,infeasible,True,True,
a37bfb24-dff2-44b0-8c7b-c8c910856562,chens-cosmetics-cn|free_choice|demand|0.02,chens-cosmetics-cn|free_choice|demand|chens-fc-demand-57,chens-fc-demand-57,chens-cosmetics-cn,free_choice,demand,0.02,campaign,0.46433087496552616,0.436285,0.000459750066511333,50823168,28491776,0,infeasible,infeasible,True,True,
a37bfb24-dff2-44b0-8c7b-c8c910856562,p-median-us|forced_open|-|0.02,p-median-us|forced_open|-|pmus-fo-none-111,pmus-fo-none-111,p-median-us,forced_open,-,0.02,campaign,0.29689379199407995,0.255897,0.0004875409649685025,45039616,47714304,20743443293,optimal,optimality_proven,True,True,
a37bfb24-dff2-44b0-8c7b-c8c910856562,p-median-us|forced_open|-|0.005,p-median-us|forced_open|-|pmus-fo-none-111,pmus-fo-none-111,p-median-us,forced_open,-,0.005,campaign,0.2868837909772992,0.259158,0.0006315840873867273,45039616,57712640,20743443293,optimal,optimality_proven,True,True,
a37bfb24-dff2-44b0-8c7b-c8c910856562,p-median-us|forced_open|-|0.01,p-median-us|forced_open|-|pmus-fo-none-111,pmus-fo-none-111,p-median-us,forced_open,-,0.01,campaign,0.29389687499497086,0.250141,0.0005096669774502516,45039616,46977024,20743443293,optimal,optimality_proven,True,True,
a37bfb24-dff2-44b0-8c7b-c8c910856562,p-median-us|forced_open|-|0.0,p-median-us|forced_open|-|pmus-fo-none-111,pmus-fo-none-111,p-median-us,forced_open,-,0.0,campaign,0.2881338750012219,0.2516,0.0005269999383017421,45039616,46968832,20743443293,optimal,optimality_proven,True,True,
a37bfb24-dff2-44b0-8c7b-c8c910856562,two-echelon-gold-au|free_choice|distance|0.02,two-echelon-gold-au|free_choice|distance|gold-fc-distance-180,gold-fc-distance-180,two-echelon-gold-au,free_choice,distance,0.02,campaign,0.05737308401148766,0.044294999999999994,0.00044720794539898634,28459008,8716288,398892.43,optimal,optimality_proven,True,True,
a37bfb24-dff2-44b0-8c7b-c8c910856562,two-echelon-gold-au|free_choice|distance|0.01,two-echelon-gold-au|free_choice|distance|gold-fc-distance-180,gold-fc-distance-180,two-echelon-gold-au,free_choice,distance,0.01,campaign,0.06070962501689792,0.042821,0.00048520893324166536,28459008,8716288,398892.43,optimal,optimality_proven,True,True,
a37bfb24-dff2-44b0-8c7b-c8c910856562,two-echelon-gold-au|free_choice|distance|0.005,two-echelon-gold-au|free_choice|distance|gold-fc-distance-180,gold-fc-distance-180,two-echelon-gold-au,free_choice,distance,0.005,campaign,0.05408200004603714,0.041488,0.00041758292354643345,28459008,8716288,398892.43,optimal,optimality_proven,True,True,
a37bfb24-dff2-44b0-8c7b-c8c910856562,two-echelon-gold-au|free_choice|distance|0.0,two-echelon-gold-au|free_choice|distance|gold-fc-distance-180,gold-fc-distance-180,two-echelon-gold-au,free_choice,distance,0.0,campaign,0.06063004198949784,0.042352,0.0006366249872371554,28459008,8712192,398892.43,optimal,optimality_proven,True,True,
a37bfb24-dff2-44b0-8c7b-c8c910856562,p-median-brazil|free_choice|force|0.01,p-median-brazil|free_choice|force|brazil-fc-force-187,brazil-fc-force-187,p-median-brazil,free_choice,force,0.01,campaign,0.06062550004571676,0.024181,0.0005127908661961555,28262400,0,0,infeasible,infeasible,True,True,
a37bfb24-dff2-44b0-8c7b-c8c910856562,p-median-brazil|free_choice|force|0.0,p-median-brazil|free_choice|force|brazil-fc-force-187,brazil-fc-force-187,p-median-brazil,free_choice,force,0.0,campaign,0.05368720798287541,0.025553,0.0009073750115931034,28262400,0,0,infeasible,infeasible,True,True,
a37bfb24-dff2-44b0-8c7b-c8c910856562,p-median-brazil|free_choice|force|0.005,p-median-brazil|free_choice|force|brazil-fc-force-187,brazil-fc-force-187,p-median-brazil,free_choice,force,0.005,campaign,0.05169249989558011,0.025712,0.0004347920184955001,28262400,0,0,infeasible,infeasible,True,True,
a37bfb24-dff2-44b0-8c7b-c8c910856562,p-median-brazil|free_choice|force|0.02,p-median-brazil|free_choice|force|brazil-fc-force-187,brazil-fc-force-187,p-median-brazil,free_choice,force,0.02,campaign,0.05151291599031538,0.025176,0.0004294590326026082,28262400,0,0,infeasible,infeasible,True,True,
a37bfb24-dff2-44b0-8c7b-c8c910856562,p-median-us|forced_open|capacity|0.01,p-median-us|forced_open|capacity|pmus-fo-cap-76,pmus-fo-cap-76,p-median-us,forced_open,capacity,0.01,campaign,1.793082374962978,1.749708,0.0005846660351380706,45105152,75321344,83345120203,feasible,gap_limit,True,True,
a37bfb24-dff2-44b0-8c7b-c8c910856562,p-median-us|forced_open|capacity|0.02,p-median-us|forced_open|capacity|pmus-fo-cap-76,pmus-fo-cap-76,p-median-us,forced_open,capacity,0.02,campaign,1.769713000045158,1.7433020000000001,0.0006024158792570233,45105152,79933440,83345120203,feasible,gap_limit,True,True,
a37bfb24-dff2-44b0-8c7b-c8c910856562,p-median-us|forced_open|capacity|0.0,p-median-us|forced_open|capacity|pmus-fo-cap-76,pmus-fo-cap-76,p-median-us,forced_open,capacity,0.0,campaign,2.9275350410025567,2.906174,0.0004844169598072767,45105152,96002048,83333703643,optimal,optimality_proven,True,True,
a37bfb24-dff2-44b0-8c7b-c8c910856562,p-median-us|forced_open|capacity|0.005,p-median-us|forced_open|capacity|pmus-fo-cap-76,pmus-fo-cap-76,p-median-us,forced_open,capacity,0.005,campaign,1.847455499926582,1.7652519999999998,0.000779957976192236,45105152,88510464,83345120203,feasible,gap_limit,True,True,
a37bfb24-dff2-44b0-8c7b-c8c910856562,p-median-us|forced_open|-|0.02,p-median-us|forced_open|-|pmus-fo-none-66,pmus-fo-none-66,p-median-us,forced_open,-,0.02,campaign,0.29792404104955494,0.257129,0.0005607089260593057,45039616,56950784,24774715041,optimal,optimality_proven,True,True,
a37bfb24-dff2-44b0-8c7b-c8c910856562,p-median-us|forced_open|-|0.0,p-median-us|forced_open|-|pmus-fo-none-66,pmus-fo-none-66,p-median-us,forced_open,-,0.0,campaign,0.2935128330718726,0.254714,0.0007335419068112969,45039616,53022720,24774715041,optimal,optimality_proven,True,True,
a37bfb24-dff2-44b0-8c7b-c8c910856562,p-median-us|forced_open|-|0.005,p-median-us|forced_open|-|pmus-fo-none-66,pmus-fo-none-66,p-median-us,forced_open,-,0.005,campaign,0.29042170802131295,0.25327700000000003,0.000490834005177021,45039616,46866432,24774715041,optimal,optimality_proven,True,True,
a37bfb24-dff2-44b0-8c7b-c8c910856562,p-median-us|forced_open|-|0.01,p-median-us|forced_open|-|pmus-fo-none-66,pmus-fo-none-66,p-median-us,forced_open,-,0.01,campaign,0.29544449993409216,0.263953,0.0007683750009164214,45039616,52908032,24774715041,optimal,optimality_proven,True,True,
a37bfb24-dff2-44b0-8c7b-c8c910856562,transport-coal|free_choice|demand|0.0,transport-coal|free_choice|demand|coal-fc-demand-116,coal-fc-demand-116,transport-coal,free_choice,demand,0.0,campaign,0.0564762499416247,0.039806,0.00048150005750358105,28442624,6144000,37482935000,optimal,optimality_proven,True,True,
a37bfb24-dff2-44b0-8c7b-c8c910856562,transport-coal|free_choice|demand|0.02,transport-coal|free_choice|demand|coal-fc-demand-116,coal-fc-demand-116,transport-coal,free_choice,demand,0.02,campaign,0.054176124976947904,0.039306,0.0006506660720333457,28442624,6029312,37482935000,optimal,optimality_proven,True,True,
a37bfb24-dff2-44b0-8c7b-c8c910856562,transport-coal|free_choice|demand|0.005,transport-coal|free_choice|demand|coal-fc-demand-116,coal-fc-demand-116,transport-coal,free_choice,demand,0.005,campaign,0.05507829110138118,0.039668999999999996,0.0004975008778274059,28442624,6029312,37482935000,optimal,optimality_proven,True,True,
a37bfb24-dff2-44b0-8c7b-c8c910856562,transport-coal|free_choice|demand|0.01,transport-coal|free_choice|demand|coal-fc-demand-116,coal-fc-demand-116,transport-coal,free_choice,demand,0.01,campaign,0.057913374970667064,0.038987,0.0004728330532088876,28459008,6029312,37482935000,optimal,optimality_proven,True,True,
a37bfb24-dff2-44b0-8c7b-c8c910856562,transport-coal|free_choice|distance|0.005,transport-coal|free_choice|distance|coal-fc-distance-87,coal-fc-distance-87,transport-coal,free_choice,distance,0.005,campaign,0.060726124909706414,0.04300899999999999,0.0004878750769421458,28475392,6025216,32467000000,optimal,optimality_proven,True,True,
a37bfb24-dff2-44b0-8c7b-c8c910856562,transport-coal|free_choice|distance|0.01,transport-coal|free_choice|distance|coal-fc-distance-87,coal-fc-distance-87,transport-coal,free_choice,distance,0.01,campaign,0.060716292005963624,0.038515999999999995,0.0004963329993188381,28475392,6029312,32467000000,optimal,optimality_proven,True,True,
a37bfb24-dff2-44b0-8c7b-c8c910856562,transport-coal|free_choice|distance|0.0,transport-coal|free_choice|distance|coal-fc-distance-87,coal-fc-distance-87,transport-coal,free_choice,distance,0.0,campaign,0.06065320805646479,0.038519,0.0004689168417826295,28491776,6029312,32467000000,optimal,optimality_proven,True,True,
a37bfb24-dff2-44b0-8c7b-c8c910856562,transport-coal|free_choice|distance|0.02,transport-coal|free_choice|distance|coal-fc-distance-87,coal-fc-distance-87,transport-coal,free_choice,distance,0.02,campaign,0.05583433294668794,0.039056,0.00042504211887717247,28491776,6029312,32467000000,optimal,optimality_proven,True,True,
a37bfb24-dff2-44b0-8c7b-c8c910856562,transport-coal|free_choice|distance|0.01,transport-coal|free_choice|distance|coal-fc-distance-199,coal-fc-distance-199,transport-coal,free_choice,distance,0.01,campaign,0.05309004196897149,0.038231,0.0008579579880461097,28475392,6074368,32595000000,optimal,optimality_proven,True,True,
a37bfb24-dff2-44b0-8c7b-c8c910856562,transport-coal|free_choice|distance|0.005,transport-coal|free_choice|distance|coal-fc-distance-199,coal-fc-distance-199,transport-coal,free_choice,distance,0.005,campaign,0.06061116699129343,0.042936999999999996,0.00044612400233745575,28475392,6152192,32595000000,optimal,optimality_proven,True,True,
a37bfb24-dff2-44b0-8c7b-c8c910856562,transport-coal|free_choice|distance|0.0,transport-coal|free_choice|distance|coal-fc-distance-199,coal-fc-distance-199,transport-coal,free_choice,distance,0.0,campaign,0.05939070810563862,0.040896999999999996,0.0005780839128419757,28475392,6029312,32595000000,optimal,optimality_proven,True,True,
a37bfb24-dff2-44b0-8c7b-c8c910856562,transport-coal|free_choice|distance|0.02,transport-coal|free_choice|distance|coal-fc-distance-199,coal-fc-distance-199,transport-coal,free_choice,distance,0.02,campaign,0.06072654202580452,0.040253,0.0004772079410031438,28475392,6029312,32595000000,optimal,optimality_proven,True,True,
a37bfb24-dff2-44b0-8c7b-c8c910856562,transport-coal|free_choice|-|0.01,transport-coal|free_choice|-|coal-fc-none-29,coal-fc-none-29,transport-coal,free_choice,-,0.01,campaign,0.0606196669396013,0.039517000000000004,0.00045379099901765585,28442624,6029312,37889704000,optimal,optimality_proven,True,True,
a37bfb24-dff2-44b0-8c7b-c8c910856562,transport-coal|free_choice|-|0.0,transport-coal|free_choice|-|coal-fc-none-29,coal-fc-none-29,transport-coal,free_choice,-,0.0,campaign,0.06069004093296826,0.037985,0.0004372920375317335,28442624,6029312,37889704000,optimal,optimality_proven,True,True,
a37bfb24-dff2-44b0-8c7b-c8c910856562,transport-coal|free_choice|-|0.005,transport-coal|free_choice|-|coal-fc-none-29,coal-fc-none-29,transport-coal,free_choice,-,0.005,campaign,0.06061720894649625,0.038176,0.0006185821257531643,28442624,6029312,37889704000,optimal,optimality_proven,True,True,
a37bfb24-dff2-44b0-8c7b-c8c910856562,transport-coal|free_choice|-|0.02,transport-coal|free_choice|-|coal-fc-none-29,coal-fc-none-29,transport-coal,free_choice,-,0.02,campaign,0.054816665942780674,0.038431,0.00045570905786007643,28442624,6025216,37889704000,optimal,optimality_proven,True,True,
a37bfb24-dff2-44b0-8c7b-c8c910856562,p-median-brazil|free_choice|-|0.02,p-median-brazil|free_choice|-|brazil-fc-none-114,brazil-fc-none-114,p-median-brazil,free_choice,-,0.02,campaign,0.06072979199234396,0.024834999999999996,0.00046779203694313765,28246016,0,0,infeasible,infeasible,True,True,
a37bfb24-dff2-44b0-8c7b-c8c910856562,p-median-brazil|free_choice|-|0.0,p-median-brazil|free_choice|-|brazil-fc-none-114,brazil-fc-none-114,p-median-brazil,free_choice,-,0.0,campaign,0.05731329205445945,0.025589,0.0006109989481046796,28246016,0,0,infeasible,infeasible,True,True,
a37bfb24-dff2-44b0-8c7b-c8c910856562,p-median-brazil|free_choice|-|0.005,p-median-brazil|free_choice|-|brazil-fc-none-114,brazil-fc-none-114,p-median-brazil,free_choice,-,0.005,campaign,0.06091416603885591,0.028187,0.0005092499777674675,28246016,0,0,infeasible,infeasible,True,True,
a37bfb24-dff2-44b0-8c7b-c8c910856562,p-median-brazil|free_choice|-|0.01,p-median-brazil|free_choice|-|brazil-fc-none-114,brazil-fc-none-114,p-median-brazil,free_choice,-,0.01,campaign,0.05481724999845028,0.025137,0.00045912491623312235,28246016,0,0,infeasible,infeasible,True,True,
a37bfb24-dff2-44b0-8c7b-c8c910856562,chens-cosmetics-cn|free_choice|force|0.01,chens-cosmetics-cn|free_choice|force|chens-fc-force-28,chens-fc-force-28,chens-cosmetics-cn,free_choice,force,0.01,campaign,0.4753440000349656,0.43525299999999995,0.0005507910391315818,50069504,30552064,0,infeasible,infeasible,True,True,
a37bfb24-dff2-44b0-8c7b-c8c910856562,chens-cosmetics-cn|free_choice|force|0.02,chens-cosmetics-cn|free_choice|force|chens-fc-force-28,chens-fc-force-28,chens-cosmetics-cn,free_choice,force,0.02,campaign,0.4697579999919981,0.424903,0.0005149999633431435,50069504,22581248,0,infeasible,infeasible,True,True,
a37bfb24-dff2-44b0-8c7b-c8c910856562,chens-cosmetics-cn|free_choice|force|0.005,chens-cosmetics-cn|free_choice|force|chens-fc-force-28,chens-fc-force-28,chens-cosmetics-cn,free_choice,force,0.005,campaign,0.46262775000650436,0.43414499999999995,0.000526334042660892,50069504,26681344,0,infeasible,infeasible,True,True,
a37bfb24-dff2-44b0-8c7b-c8c910856562,chens-cosmetics-cn|free_choice|force|0.0,chens-cosmetics-cn|free_choice|force|chens-fc-force-28,chens-fc-force-28,chens-cosmetics-cn,free_choice,force,0.0,campaign,0.4742450841004029,0.434396,0.000532665872015059,50085888,24838144,0,infeasible,infeasible,True,True,
a37bfb24-dff2-44b0-8c7b-c8c910856562,transport-coal|free_choice|demand|0.005,transport-coal|free_choice|demand|coal-fc-demand-45,coal-fc-demand-45,transport-coal,free_choice,demand,0.005,campaign,0.060867708059959114,0.038622000000000004,0.0004824589705094695,28491776,6029312,34404480000,optimal,optimality_proven,True,True,
a37bfb24-dff2-44b0-8c7b-c8c910856562,transport-coal|free_choice|demand|0.0,transport-coal|free_choice|demand|coal-fc-demand-45,coal-fc-demand-45,transport-coal,free_choice,demand,0.0,campaign,0.060686875018291175,0.037877999999999995,0.000483584008179605,28491776,6029312,34404480000,optimal,optimality_proven,True,True,
a37bfb24-dff2-44b0-8c7b-c8c910856562,transport-coal|free_choice|demand|0.02,transport-coal|free_choice|demand|coal-fc-demand-45,coal-fc-demand-45,transport-coal,free_choice,demand,0.02,campaign,0.054881583084352314,0.03920900000000001,0.0005667919758707285,28491776,6025216,34404480000,optimal,optimality_proven,True,True,
a37bfb24-dff2-44b0-8c7b-c8c910856562,transport-coal|free_choice|demand|0.01,transport-coal|free_choice|demand|coal-fc-demand-45,coal-fc-demand-45,transport-coal,free_choice,demand,0.01,campaign,0.06080004200339317,0.040819,0.0004564579576253891,28491776,6074368,34404480000,optimal,optimality_proven,True,True,
a37bfb24-dff2-44b0-8c7b-c8c910856562,p-median-brazil|forced_open|-|0.0,p-median-brazil|forced_open|-|brazil-fo-none-32,brazil-fo-none-32,p-median-brazil,forced_open,-,0.0,campaign,0.05102299991995096,0.024443,0.0004255829844623804,28295168,0,0,infeasible,infeasible,True,True,
a37bfb24-dff2-44b0-8c7b-c8c910856562,p-median-brazil|forced_open|-|0.005,p-median-brazil|forced_open|-|brazil-fo-none-32,brazil-fo-none-32,p-median-brazil,forced_open,-,0.005,campaign,0.05708558298647404,0.025005999999999997,0.0008500840049237013,28295168,0,0,infeasible,infeasible,True,True,
a37bfb24-dff2-44b0-8c7b-c8c910856562,p-median-brazil|forced_open|-|0.02,p-median-brazil|forced_open|-|brazil-fo-none-32,brazil-fo-none-32,p-median-brazil,forced_open,-,0.02,campaign,0.051538084051571786,0.028416,0.0005597908748313785,28295168,0,0,infeasible,infeasible,True,True,
a37bfb24-dff2-44b0-8c7b-c8c910856562,p-median-brazil|forced_open|-|0.01,p-median-brazil|forced_open|-|brazil-fo-none-32,brazil-fo-none-32,p-median-brazil,forced_open,-,0.01,campaign,0.060739916982129216,0.025117,0.0005239580059424043,28295168,0,0,infeasible,infeasible,True,True,
a37bfb24-dff2-44b0-8c7b-c8c910856562,two-echelon-gold-au|free_choice|demand|0.0,two-echelon-gold-au|free_choice|demand|gold-fc-demand-134,gold-fc-demand-134,two-echelon-gold-au,free_choice,demand,0.0,campaign,0.060739416046999395,0.044882,0.00047270895447582006,28491776,8536064,375430.1,optimal,optimality_proven,True,True,
a37bfb24-dff2-44b0-8c7b-c8c910856562,two-echelon-gold-au|free_choice|demand|0.005,two-echelon-gold-au|free_choice|demand|gold-fc-demand-134,gold-fc-demand-134,two-echelon-gold-au,free_choice,demand,0.005,campaign,0.06063841690775007,0.041977999999999994,0.0005456241779029369,28491776,8523776,375430.1,optimal,optimality_proven,True,True,
a37bfb24-dff2-44b0-8c7b-c8c910856562,two-echelon-gold-au|free_choice|demand|0.01,two-echelon-gold-au|free_choice|demand|gold-fc-demand-134,gold-fc-demand-134,two-echelon-gold-au,free_choice,demand,0.01,campaign,0.05346320802345872,0.041277999999999995,0.0004537078784778714,28491776,8527872,375430.1,optimal,optimality_proven,True,True,
a37bfb24-dff2-44b0-8c7b-c8c910856562,two-echelon-gold-au|free_choice|demand|0.02,two-echelon-gold-au|free_choice|demand|gold-fc-demand-134,gold-fc-demand-134,two-echelon-gold-au,free_choice,demand,0.02,campaign,0.053438959061168134,0.044878999999999995,0.0007163329282775521,28491776,8601600,375430.1,optimal,optimality_proven,True,True,
a37bfb24-dff2-44b0-8c7b-c8c910856562,two-echelon-gold-au|free_choice|force|0.02,two-echelon-gold-au|free_choice|force|gold-fc-force-153,gold-fc-force-153,two-echelon-gold-au,free_choice,force,0.02,campaign,0.0607974169543013,0.041988,0.00046745804138481617,28491776,7204864,425224.61,optimal,optimality_proven,True,True,
a37bfb24-dff2-44b0-8c7b-c8c910856562,two-echelon-gold-au|free_choice|force|0.0,two-echelon-gold-au|free_choice|force|gold-fc-force-153,gold-fc-force-153,two-echelon-gold-au,free_choice,force,0.0,campaign,0.060561666963621974,0.03924699999999999,0.0004393740091472864,28491776,7204864,425224.61,optimal,optimality_proven,True,True,
a37bfb24-dff2-44b0-8c7b-c8c910856562,two-echelon-gold-au|free_choice|force|0.01,two-echelon-gold-au|free_choice|force|gold-fc-force-153,gold-fc-force-153,two-echelon-gold-au,free_choice,force,0.01,campaign,0.058036500005982816,0.040013999999999994,0.000495875021442771,28491776,7204864,425224.61,optimal,optimality_proven,True,True,
a37bfb24-dff2-44b0-8c7b-c8c910856562,two-echelon-gold-au|free_choice|force|0.005,two-echelon-gold-au|free_choice|force|gold-fc-force-153,gold-fc-force-153,two-echelon-gold-au,free_choice,force,0.005,campaign,0.060637000016868114,0.039345,0.0005705830408260226,28491776,7204864,425224.61,optimal,optimality_proven,True,True,
a37bfb24-dff2-44b0-8c7b-c8c910856562,p-median-brazil|forced_open|capacity|0.0,p-median-brazil|forced_open|capacity|brazil-fo-cap-2,brazil-fo-cap-2,p-median-brazil,forced_open,capacity,0.0,campaign,0.060626083984971046,0.024821,0.00044562399853020906,28295168,0,0,infeasible,infeasible,True,True,
a37bfb24-dff2-44b0-8c7b-c8c910856562,p-median-brazil|forced_open|capacity|0.01,p-median-brazil|forced_open|capacity|brazil-fo-cap-2,brazil-fo-cap-2,p-median-brazil,forced_open,capacity,0.01,campaign,0.05340629199054092,0.025033,0.0004408749518916011,28295168,0,0,infeasible,infeasible,True,True,
a37bfb24-dff2-44b0-8c7b-c8c910856562,p-median-brazil|forced_open|capacity|0.02,p-median-brazil|forced_open|capacity|brazil-fo-cap-2,brazil-fo-cap-2,p-median-brazil,forced_open,capacity,0.02,campaign,0.06075491604860872,0.025849999999999998,0.0004468759289011359,28295168,0,0,infeasible,infeasible,True,True,
a37bfb24-dff2-44b0-8c7b-c8c910856562,p-median-brazil|forced_open|capacity|0.005,p-median-brazil|forced_open|capacity|brazil-fo-cap-2,brazil-fo-cap-2,p-median-brazil,forced_open,capacity,0.005,campaign,0.059373458032496274,0.027004999999999998,0.000530166900716722,28295168,0,0,infeasible,infeasible,True,True,
a37bfb24-dff2-44b0-8c7b-c8c910856562,two-echelon-gold-au|free_choice|distance|0.01,two-echelon-gold-au|free_choice|distance|gold-fc-distance-195,gold-fc-distance-195,two-echelon-gold-au,free_choice,distance,0.01,campaign,0.0606976670678705,0.04675599999999999,0.001366665936075151,28524544,8716288,420645.21,optimal,optimality_proven,True,True,
a37bfb24-dff2-44b0-8c7b-c8c910856562,two-echelon-gold-au|free_choice|distance|0.02,two-echelon-gold-au|free_choice|distance|gold-fc-distance-195,gold-fc-distance-195,two-echelon-gold-au,free_choice,distance,0.02,campaign,0.06070787494536489,0.044448999999999995,0.0004812080878764391,28524544,8716288,420645.21,optimal,optimality_proven,True,True,
a37bfb24-dff2-44b0-8c7b-c8c910856562,two-echelon-gold-au|free_choice|distance|0.005,two-echelon-gold-au|free_choice|distance|gold-fc-distance-195,gold-fc-distance-195,two-echelon-gold-au,free_choice,distance,0.005,campaign,0.05354891705792397,0.042246,0.0004556250059977174,28524544,8716288,420645.21,optimal,optimality_proven,True,True,
a37bfb24-dff2-44b0-8c7b-c8c910856562,two-echelon-gold-au|free_choice|distance|0.0,two-echelon-gold-au|free_choice|distance|gold-fc-distance-195,gold-fc-distance-195,two-echelon-gold-au,free_choice,distance,0.0,campaign,0.057517957990057766,0.045991,0.00048562500160187483,28524544,8716288,420645.21,optimal,optimality_proven,True,True,
a37bfb24-dff2-44b0-8c7b-c8c910856562,p-median-brazil|free_choice|distance|0.0,p-median-brazil|free_choice|distance|brazil-fc-distance-140,brazil-fc-distance-140,p-median-brazil,free_choice,distance,0.0,campaign,0.05635845800861716,0.025139999999999996,0.0005020010285079479,28278784,0,,,,False,True,distanceOverrides references id 'BET' that does not resolve as a customer - not found among customer ids in the base p-median-brazil dataset or this scenario's added entities
a37bfb24-dff2-44b0-8c7b-c8c910856562,p-median-brazil|free_choice|distance|0.01,p-median-brazil|free_choice|distance|brazil-fc-distance-140,brazil-fc-distance-140,p-median-brazil,free_choice,distance,0.01,campaign,0.05245029192883521,0.026586,0.0005336251342669129,28278784,0,,,,False,True,distanceOverrides references id 'BET' that does not resolve as a customer - not found among customer ids in the base p-median-brazil dataset or this scenario's added entities
a37bfb24-dff2-44b0-8c7b-c8c910856562,p-median-brazil|free_choice|distance|0.005,p-median-brazil|free_choice|distance|brazil-fc-distance-140,brazil-fc-distance-140,p-median-brazil,free_choice,distance,0.005,campaign,0.060855374904349446,0.025675,0.0005146251060068607,28278784,0,,,,False,True,distanceOverrides references id 'BET' that does not resolve as a customer - not found among customer ids in the base p-median-brazil dataset or this scenario's added entities
a37bfb24-dff2-44b0-8c7b-c8c910856562,p-median-brazil|free_choice|distance|0.02,p-median-brazil|free_choice|distance|brazil-fc-distance-140,brazil-fc-distance-140,p-median-brazil,free_choice,distance,0.02,campaign,0.060752667021006346,0.027490999999999998,0.0005630410742014647,28278784,0,,,,False,True,distanceOverrides references id 'BET' that does not resolve as a customer - not found among customer ids in the base p-median-brazil dataset or this scenario's added entities
a37bfb24-dff2-44b0-8c7b-c8c910856562,transport-coal|free_choice|capacity|0.02,transport-coal|free_choice|capacity|coal-fc-capacity-151,coal-fc-capacity-151,transport-coal,free_choice,capacity,0.02,campaign,0.05337658303324133,0.040857,0.0007030419073998928,28508160,6025216,0,infeasible,infeasible,True,True,
a37bfb24-dff2-44b0-8c7b-c8c910856562,transport-coal|free_choice|capacity|0.01,transport-coal|free_choice|capacity|coal-fc-capacity-151,coal-fc-capacity-151,transport-coal,free_choice,capacity,0.01,campaign,0.05088433402124792,0.038426,0.00045787403360009193,28508160,6021120,0,infeasible,infeasible,True,True,
a37bfb24-dff2-44b0-8c7b-c8c910856562,transport-coal|free_choice|capacity|0.0,transport-coal|free_choice|capacity|coal-fc-capacity-151,coal-fc-capacity-151,transport-coal,free_choice,capacity,0.0,campaign,0.056542957900092006,0.03771999999999999,0.00045125000178813934,28508160,6025216,0,infeasible,infeasible,True,True,
a37bfb24-dff2-44b0-8c7b-c8c910856562,transport-coal|free_choice|capacity|0.005,transport-coal|free_choice|capacity|coal-fc-capacity-151,coal-fc-capacity-151,transport-coal,free_choice,capacity,0.005,campaign,0.056614749948494136,0.03776999999999999,0.00045104208402335644,28508160,6025216,0,infeasible,infeasible,True,True,
a37bfb24-dff2-44b0-8c7b-c8c910856562,two-echelon-jade-us|forced_open|-|0.01,two-echelon-jade-us|forced_open|-|jade-fo-none-105,jade-fo-none-105,two-echelon-jade-us,forced_open,-,0.01,campaign,13.398767416016199,13.261779,0.0006970419781282544,70582272,180355072,226258799.8027,optimal,optimality_proven,True,True,
a37bfb24-dff2-44b0-8c7b-c8c910856562,two-echelon-jade-us|forced_open|-|0.005,two-echelon-jade-us|forced_open|-|jade-fo-none-105,jade-fo-none-105,two-echelon-jade-us,forced_open,-,0.005,campaign,13.549371500033885,13.370895,0.0007995829218998551,70598656,150331392,226258799.8027,optimal,optimality_proven,True,True,
a37bfb24-dff2-44b0-8c7b-c8c910856562,two-echelon-jade-us|forced_open|-|0.0,two-echelon-jade-us|forced_open|-|jade-fo-none-105,jade-fo-none-105,two-echelon-jade-us,forced_open,-,0.0,campaign,13.897420624969527,13.601870000000002,0.0011300420155748725,70582272,178626560,226258799.8027,optimal,optimality_proven,True,True,
a37bfb24-dff2-44b0-8c7b-c8c910856562,two-echelon-jade-us|forced_open|-|0.02,two-echelon-jade-us|forced_open|-|jade-fo-none-105,jade-fo-none-105,two-echelon-jade-us,forced_open,-,0.02,campaign,14.105011957930401,13.495258,0.0015950420638546348,70598656,181940224,226258799.8027,optimal,optimality_proven,True,True,
a37bfb24-dff2-44b0-8c7b-c8c910856562,transport-coal|free_choice|capacity|0.005,transport-coal|free_choice|capacity|coal-fc-capacity-93,coal-fc-capacity-93,transport-coal,free_choice,capacity,0.005,campaign,0.807434874936007,0.307564,0.0008415840566158295,28508160,6262784,0,infeasible,infeasible,True,True,
a37bfb24-dff2-44b0-8c7b-c8c910856562,transport-coal|free_choice|capacity|0.0,transport-coal|free_choice|capacity|coal-fc-capacity-93,coal-fc-capacity-93,transport-coal,free_choice,capacity,0.0,campaign,0.11177325004246086,0.040122,0.0005080419359728694,28508160,6025216,0,infeasible,infeasible,True,True,
a37bfb24-dff2-44b0-8c7b-c8c910856562,transport-coal|free_choice|capacity|0.02,transport-coal|free_choice|capacity|coal-fc-capacity-93,coal-fc-capacity-93,transport-coal,free_choice,capacity,0.02,campaign,0.060764624970033765,0.045239,0.00047025003004819155,28508160,6025216,0,infeasible,infeasible,True,True,
a37bfb24-dff2-44b0-8c7b-c8c910856562,transport-coal|free_choice|capacity|0.01,transport-coal|free_choice|capacity|coal-fc-capacity-93,coal-fc-capacity-93,transport-coal,free_choice,capacity,0.01,campaign,0.06099920894484967,0.042952,0.0004619989776983857,28508160,6070272,0,infeasible,infeasible,True,True,
a37bfb24-dff2-44b0-8c7b-c8c910856562,transport-coal|free_choice|-|0.01,transport-coal|free_choice|-|coal-fc-none-91,coal-fc-none-91,transport-coal,free_choice,-,0.01,campaign,0.06048279197420925,0.041888999999999996,0.0005019999807700515,28491776,6025216,0,infeasible,infeasible,True,True,
a37bfb24-dff2-44b0-8c7b-c8c910856562,transport-coal|free_choice|-|0.005,transport-coal|free_choice|-|coal-fc-none-91,coal-fc-none-91,transport-coal,free_choice,-,0.005,campaign,0.059092874987982213,0.043909,0.0005388749996200204,28491776,6066176,0,infeasible,infeasible,True,True,
a37bfb24-dff2-44b0-8c7b-c8c910856562,transport-coal|free_choice|-|0.0,transport-coal|free_choice|-|coal-fc-none-91,coal-fc-none-91,transport-coal,free_choice,-,0.0,campaign,0.05737183301243931,0.046924999999999994,0.000431500026024878,28491776,6025216,0,infeasible,infeasible,True,True,
a37bfb24-dff2-44b0-8c7b-c8c910856562,transport-coal|free_choice|-|0.02,transport-coal|free_choice|-|coal-fc-none-91,coal-fc-none-91,transport-coal,free_choice,-,0.02,campaign,0.05263937497511506,0.044711999999999995,0.0004610830219462514,28491776,6168576,0,infeasible,infeasible,True,True,
a37bfb24-dff2-44b0-8c7b-c8c910856562,p-median-brazil|free_choice|distance|0.005,p-median-brazil|free_choice|distance|brazil-fc-distance-121,brazil-fc-distance-121,p-median-brazil,free_choice,distance,0.005,campaign,0.060738458996638656,0.026295,0.0005151659715920687,28278784,0,,,,False,True,distanceOverrides references id 'CPG' that does not resolve as a customer - not found among customer ids in the base p-median-brazil dataset or this scenario's added entities
a37bfb24-dff2-44b0-8c7b-c8c910856562,p-median-brazil|free_choice|distance|0.01,p-median-brazil|free_choice|distance|brazil-fc-distance-121,brazil-fc-distance-121,p-median-brazil,free_choice,distance,0.01,campaign,0.05221258301753551,0.025976,0.0004582508699968457,28278784,0,,,,False,True,distanceOverrides references id 'CPG' that does not resolve as a customer - not found among customer ids in the base p-median-brazil dataset or this scenario's added entities
a37bfb24-dff2-44b0-8c7b-c8c910856562,p-median-brazil|free_choice|distance|0.0,p-median-brazil|free_choice|distance|brazil-fc-distance-121,brazil-fc-distance-121,p-median-brazil,free_choice,distance,0.0,campaign,0.060680209076963365,0.026208,0.0005381249357014894,28295168,0,,,,False,True,distanceOverrides references id 'CPG' that does not resolve as a customer - not found among customer ids in the base p-median-brazil dataset or this scenario's added entities
a37bfb24-dff2-44b0-8c7b-c8c910856562,p-median-brazil|free_choice|distance|0.02,p-median-brazil|free_choice|distance|brazil-fc-distance-121,brazil-fc-distance-121,p-median-brazil,free_choice,distance,0.02,campaign,0.060858790995553136,0.027592,0.0005770839052274823,28295168,0,,,,False,True,distanceOverrides references id 'CPG' that does not resolve as a customer - not found among customer ids in the base p-median-brazil dataset or this scenario's added entities
a37bfb24-dff2-44b0-8c7b-c8c910856562,two-echelon-jade-us|free_choice|distance|0.0,two-echelon-jade-us|free_choice|distance|jade-fc-distance-172,jade-fc-distance-172,two-echelon-jade-us,free_choice,distance,0.0,campaign,4.909723500022665,4.802847,0.0008547089528292418,70647808,186359808,181994572.1744,optimal,optimality_proven,True,True,
a37bfb24-dff2-44b0-8c7b-c8c910856562,two-echelon-jade-us|free_choice|distance|0.01,two-echelon-jade-us|free_choice|distance|jade-fc-distance-172,jade-fc-distance-172,two-echelon-jade-us,free_choice,distance,0.01,campaign,5.069487874978222,4.922981,0.0008314590668305755,70647808,166961152,181994572.1744,optimal,optimality_proven,True,True,
a37bfb24-dff2-44b0-8c7b-c8c910856562,two-echelon-jade-us|free_choice|distance|0.005,two-echelon-jade-us|free_choice|distance|jade-fc-distance-172,jade-fc-distance-172,two-echelon-jade-us,free_choice,distance,0.005,campaign,4.74342870793771,4.697927,0.0005958341062068939,70647808,201424896,181994572.1744,optimal,optimality_proven,True,True,
a37bfb24-dff2-44b0-8c7b-c8c910856562,two-echelon-jade-us|free_choice|distance|0.02,two-echelon-jade-us|free_choice|distance|jade-fc-distance-172,jade-fc-distance-172,two-echelon-jade-us,free_choice,distance,0.02,campaign,4.777168708038516,4.734464,0.0007038749754428864,70647808,208023552,181994572.1744,optimal,optimality_proven,True,True,
a37bfb24-dff2-44b0-8c7b-c8c910856562,p-median-brazil|free_choice|distance|0.005,p-median-brazil|free_choice|distance|brazil-fc-distance-73,brazil-fc-distance-73,p-median-brazil,free_choice,distance,0.005,campaign,0.05251541698817164,0.025847999999999996,0.0005466239526867867,28311552,0,,,,False,True,distanceOverrides references id 'CAC' that does not resolve as a customer - not found among customer ids in the base p-median-brazil dataset or this scenario's added entities
a37bfb24-dff2-44b0-8c7b-c8c910856562,p-median-brazil|free_choice|distance|0.01,p-median-brazil|free_choice|distance|brazil-fc-distance-73,brazil-fc-distance-73,p-median-brazil,free_choice,distance,0.01,campaign,0.05824120796751231,0.025074999999999997,0.0005412499886006117,28311552,0,,,,False,True,distanceOverrides references id 'CAC' that does not resolve as a customer - not found among customer ids in the base p-median-brazil dataset or this scenario's added entities
a37bfb24-dff2-44b0-8c7b-c8c910856562,p-median-brazil|free_choice|distance|0.02,p-median-brazil|free_choice|distance|brazil-fc-distance-73,brazil-fc-distance-73,p-median-brazil,free_choice,distance,0.02,campaign,0.06075624993536621,0.026004999999999997,0.000560667016543448,28311552,0,,,,False,True,distanceOverrides references id 'CAC' that does not resolve as a customer - not found among customer ids in the base p-median-brazil dataset or this scenario's added entities
a37bfb24-dff2-44b0-8c7b-c8c910856562,p-median-brazil|free_choice|distance|0.0,p-median-brazil|free_choice|distance|brazil-fc-distance-73,brazil-fc-distance-73,p-median-brazil,free_choice,distance,0.0,campaign,0.051125124911777675,0.025333,0.0004668751498684287,28311552,0,,,,False,True,distanceOverrides references id 'CAC' that does not resolve as a customer - not found among customer ids in the base p-median-brazil dataset or this scenario's added entities
a37bfb24-dff2-44b0-8c7b-c8c910856562,transport-coal|free_choice|-|0.02,transport-coal|free_choice|-|coal-fc-none-11,coal-fc-none-11,transport-coal,free_choice,-,0.02,campaign,0.06062566605396569,0.038992,0.00041812495328485966,28475392,6144000,0,infeasible,infeasible,True,True,
a37bfb24-dff2-44b0-8c7b-c8c910856562,transport-coal|free_choice|-|0.0,transport-coal|free_choice|-|coal-fc-none-11,coal-fc-none-11,transport-coal,free_choice,-,0.0,campaign,0.06063633400481194,0.038845,0.00042095803655683994,28475392,6025216,0,infeasible,infeasible,True,True,
a37bfb24-dff2-44b0-8c7b-c8c910856562,transport-coal|free_choice|-|0.01,transport-coal|free_choice|-|coal-fc-none-11,coal-fc-none-11,transport-coal,free_choice,-,0.01,campaign,0.060655040899291635,0.039561,0.00048737507313489914,28475392,6025216,0,infeasible,infeasible,True,True,
a37bfb24-dff2-44b0-8c7b-c8c910856562,transport-coal|free_choice|-|0.005,transport-coal|free_choice|-|coal-fc-none-11,coal-fc-none-11,transport-coal,free_choice,-,0.005,campaign,0.05922445794567466,0.03865,0.0004502501105889678,28475392,6025216,0,infeasible,infeasible,True,True,
a37bfb24-dff2-44b0-8c7b-c8c910856562,transport-coal|free_choice|distance|0.02,transport-coal|free_choice|distance|coal-fc-distance-126,coal-fc-distance-126,transport-coal,free_choice,distance,0.02,campaign,0.06072958302684128,0.038907,0.002363957930356264,28524544,6025216,37189300000,optimal,optimality_proven,True,True,
a37bfb24-dff2-44b0-8c7b-c8c910856562,transport-coal|free_choice|distance|0.0,transport-coal|free_choice|distance|coal-fc-distance-126,coal-fc-distance-126,transport-coal,free_choice,distance,0.0,campaign,0.06065591599326581,0.037217,0.0004610000178217888,22233088,6025216,37189300000,optimal,optimality_proven,True,True,
a37bfb24-dff2-44b0-8c7b-c8c910856562,transport-coal|free_choice|distance|0.01,transport-coal|free_choice|distance|coal-fc-distance-126,coal-fc-distance-126,transport-coal,free_choice,distance,0.01,campaign,0.06067933305166662,0.036663,0.00041254202369600534,22249472,6025216,37189300000,optimal,optimality_proven,True,True,
a37bfb24-dff2-44b0-8c7b-c8c910856562,transport-coal|free_choice|distance|0.005,transport-coal|free_choice|distance|coal-fc-distance-126,coal-fc-distance-126,transport-coal,free_choice,distance,0.005,campaign,0.060606249957345426,0.036046,0.00046141608618199825,22249472,6029312,37189300000,optimal,optimality_proven,True,True,
a37bfb24-dff2-44b0-8c7b-c8c910856562,two-echelon-gold-au|free_choice|distance|0.0,two-echelon-gold-au|free_choice|distance|gold-fc-distance-13,gold-fc-distance-13,two-echelon-gold-au,free_choice,distance,0.0,campaign,0.05557779094669968,0.04002,0.00041000102646648884,22233088,8724480,402175.29,optimal,optimality_proven,True,True,
a37bfb24-dff2-44b0-8c7b-c8c910856562,two-echelon-gold-au|free_choice|distance|0.005,two-echelon-gold-au|free_choice|distance|gold-fc-distance-13,gold-fc-distance-13,two-echelon-gold-au,free_choice,distance,0.005,campaign,0.050682000000961125,0.038834,0.0004166669677942991,22233088,8527872,402175.29,optimal,optimality_proven,True,True,
a37bfb24-dff2-44b0-8c7b-c8c910856562,two-echelon-gold-au|free_choice|distance|0.01,two-echelon-gold-au|free_choice|distance|gold-fc-distance-13,gold-fc-distance-13,two-echelon-gold-au,free_choice,distance,0.01,campaign,0.05136416701134294,0.039141999999999996,0.00043537491001188755,22216704,8527872,402175.29,optimal,optimality_proven,True,True,
a37bfb24-dff2-44b0-8c7b-c8c910856562,two-echelon-gold-au|free_choice|distance|0.02,two-echelon-gold-au|free_choice|distance|gold-fc-distance-13,gold-fc-distance-13,two-echelon-gold-au,free_choice,distance,0.02,campaign,0.06065849994774908,0.038363999999999995,0.0004891250282526016,22216704,8523776,402175.29,optimal,optimality_proven,True,True,
a37bfb24-dff2-44b0-8c7b-c8c910856562,chens-cosmetics-cn|free_choice|demand|0.0,chens-cosmetics-cn|free_choice|demand|chens-fc-demand-71,chens-fc-demand-71,chens-cosmetics-cn,free_choice,demand,0.0,campaign,0.5230165000539273,0.462887,0.0006025838665664196,44613632,28762112,0,infeasible,infeasible,True,True,
a37bfb24-dff2-44b0-8c7b-c8c910856562,chens-cosmetics-cn|free_choice|demand|0.005,chens-cosmetics-cn|free_choice|demand|chens-fc-demand-71,chens-fc-demand-71,chens-cosmetics-cn,free_choice,demand,0.005,campaign,0.4711704170331359,0.453876,0.0005492909112945199,44613632,19935232,0,infeasible,infeasible,True,True,
a37bfb24-dff2-44b0-8c7b-c8c910856562,chens-cosmetics-cn|free_choice|demand|0.01,chens-cosmetics-cn|free_choice|demand|chens-fc-demand-71,chens-fc-demand-71,chens-cosmetics-cn,free_choice,demand,0.01,campaign,0.4629471250809729,0.4558809999999999,0.0005212909309193492,44613632,30093312,0,infeasible,infeasible,True,True,
a37bfb24-dff2-44b0-8c7b-c8c910856562,chens-cosmetics-cn|free_choice|demand|0.02,chens-cosmetics-cn|free_choice|demand|chens-fc-demand-71,chens-fc-demand-71,chens-cosmetics-cn,free_choice,demand,0.02,campaign,0.473105667042546,0.45539399999999997,0.0005266249645501375,44613632,24776704,0,infeasible,infeasible,True,True,
a37bfb24-dff2-44b0-8c7b-c8c910856562,p-median-us|free_choice|distance|0.01,p-median-us|free_choice|distance|pmus-fc-distance-190,pmus-fc-distance-190,p-median-us,free_choice,distance,0.01,campaign,0.3447140830103308,0.298877,0.0005564170423895121,38944768,57688064,20674274707,optimal,optimality_proven,True,True,
a37bfb24-dff2-44b0-8c7b-c8c910856562,p-median-us|free_choice|distance|0.02,p-median-us|free_choice|distance|pmus-fc-distance-190,pmus-fc-distance-190,p-median-us,free_choice,distance,0.02,campaign,0.3457093749893829,0.29357,0.0005272079724818468,38928384,46710784,20674274707,optimal,optimality_proven,True,True,
a37bfb24-dff2-44b0-8c7b-c8c910856562,p-median-us|free_choice|distance|0.0,p-median-us|free_choice|distance|pmus-fc-distance-190,pmus-fc-distance-190,p-median-us,free_choice,distance,0.0,campaign,0.35786387498956174,0.297887,0.0006094159325584769,38944768,46714880,20674274707,optimal,optimality_proven,True,True,
a37bfb24-dff2-44b0-8c7b-c8c910856562,p-median-us|free_choice|distance|0.005,p-median-us|free_choice|distance|pmus-fc-distance-190,pmus-fc-distance-190,p-median-us,free_choice,distance,0.005,campaign,0.352900292025879,0.300521,0.0006688329158350825,38830080,46714880,20674274707,optimal,optimality_proven,True,True,
a37bfb24-dff2-44b0-8c7b-c8c910856562,chens-cosmetics-cn|free_choice|-|0.0,chens-cosmetics-cn|free_choice|-|chens-fc-none-85,chens-fc-none-85,chens-cosmetics-cn,free_choice,-,0.0,campaign,0.4595467910403386,0.410154,0.0005744589725509286,44564480,20226048,0,infeasible,infeasible,True,True,
a37bfb24-dff2-44b0-8c7b-c8c910856562,chens-cosmetics-cn|free_choice|-|0.005,chens-cosmetics-cn|free_choice|-|chens-fc-none-85,chens-fc-none-85,chens-cosmetics-cn,free_choice,-,0.005,campaign,0.4689271670067683,0.417958,0.0006108330562710762,44564480,31862784,0,infeasible,infeasible,True,True,
a37bfb24-dff2-44b0-8c7b-c8c910856562,chens-cosmetics-cn|free_choice|-|0.02,chens-cosmetics-cn|free_choice|-|chens-fc-none-85,chens-fc-none-85,chens-cosmetics-cn,free_choice,-,0.02,campaign,0.46315450000111014,0.41258100000000003,0.0005659579765051603,44580864,27672576,0,infeasible,infeasible,True,True,
a37bfb24-dff2-44b0-8c7b-c8c910856562,chens-cosmetics-cn|free_choice|-|0.01,chens-cosmetics-cn|free_choice|-|chens-fc-none-85,chens-fc-none-85,chens-cosmetics-cn,free_choice,-,0.01,campaign,0.47463566600345075,0.408975,0.0005935420049354434,44580864,20226048,0,infeasible,infeasible,True,True,
a37bfb24-dff2-44b0-8c7b-c8c910856562,p-median-brazil|free_choice|distance|0.0,p-median-brazil|free_choice|distance|brazil-fc-distance-24,brazil-fc-distance-24,p-median-brazil,free_choice,distance,0.0,campaign,0.060982042108662426,0.0252,0.00048583291936665773,22020096,0,,,,False,True,distanceOverrides references id 'CAS' that does not resolve as a customer - not found among customer ids in the base p-median-brazil dataset or this scenario's added entities
a37bfb24-dff2-44b0-8c7b-c8c910856562,p-median-brazil|free_choice|distance|0.005,p-median-brazil|free_choice|distance|brazil-fc-distance-24,brazil-fc-distance-24,p-median-brazil,free_choice,distance,0.005,campaign,0.0607641659444198,0.026013,0.0004885421367362142,22020096,0,,,,False,True,distanceOverrides references id 'CAS' that does not resolve as a customer - not found among customer ids in the base p-median-brazil dataset or this scenario's added entities
a37bfb24-dff2-44b0-8c7b-c8c910856562,p-median-brazil|free_choice|distance|0.01,p-median-brazil|free_choice|distance|brazil-fc-distance-24,brazil-fc-distance-24,p-median-brazil,free_choice,distance,0.01,campaign,0.06088566698599607,0.026611999999999997,0.0004609170136973262,22003712,0,,,,False,True,distanceOverrides references id 'CAS' that does not resolve as a customer - not found among customer ids in the base p-median-brazil dataset or this scenario's added entities
a37bfb24-dff2-44b0-8c7b-c8c910856562,p-median-brazil|free_choice|distance|0.02,p-median-brazil|free_choice|distance|brazil-fc-distance-24,brazil-fc-distance-24,p-median-brazil,free_choice,distance,0.02,campaign,0.06074208300560713,0.026954,0.000461542047560215,22003712,0,,,,False,True,distanceOverrides references id 'CAS' that does not resolve as a customer - not found among customer ids in the base p-median-brazil dataset or this scenario's added entities
a37bfb24-dff2-44b0-8c7b-c8c910856562,two-echelon-gold-au|free_choice|-|0.005,two-echelon-gold-au|free_choice|-|gold-fc-none-166,gold-fc-none-166,two-echelon-gold-au,free_choice,-,0.005,campaign,0.05806595808826387,0.042553,0.00047870795242488384,22233088,8527872,401355.51,optimal,optimality_proven,True,True,
a37bfb24-dff2-44b0-8c7b-c8c910856562,two-echelon-gold-au|free_choice|-|0.02,two-echelon-gold-au|free_choice|-|gold-fc-none-166,gold-fc-none-166,two-echelon-gold-au,free_choice,-,0.02,campaign,0.060755415936000645,0.039431999999999995,0.0004775001434609294,22216704,8527872,401355.51,optimal,optimality_proven,True,True,
a37bfb24-dff2-44b0-8c7b-c8c910856562,two-echelon-gold-au|free_choice|-|0.01,two-echelon-gold-au|free_choice|-|gold-fc-none-166,gold-fc-none-166,two-echelon-gold-au,free_choice,-,0.01,campaign,0.05738549993839115,0.040249,0.000459125149063766,22216704,8589312,401355.51,optimal,optimality_proven,True,True,
a37bfb24-dff2-44b0-8c7b-c8c910856562,two-echelon-gold-au|free_choice|-|0.0,two-echelon-gold-au|free_choice|-|gold-fc-none-166,gold-fc-none-166,two-echelon-gold-au,free_choice,-,0.0,campaign,0.06075050006620586,0.040734,0.00047699990682303905,22216704,8523776,401355.51,optimal,optimality_proven,True,True,
a37bfb24-dff2-44b0-8c7b-c8c910856562,transport-coal|free_choice|demand|0.01,transport-coal|free_choice|demand|coal-fc-demand-47,coal-fc-demand-47,transport-coal,free_choice,demand,0.01,campaign,0.060598624986596406,0.038709999999999994,0.0004527500132098794,22282240,6029312,36148590000,optimal,optimality_proven,True,True,
a37bfb24-dff2-44b0-8c7b-c8c910856562,transport-coal|free_choice|demand|0.005,transport-coal|free_choice|demand|coal-fc-demand-47,coal-fc-demand-47,transport-coal,free_choice,demand,0.005,campaign,0.06062758306507021,0.039674,0.00039116689004004,22282240,6168576,36148590000,optimal,optimality_proven,True,True,
a37bfb24-dff2-44b0-8c7b-c8c910856562,transport-coal|free_choice|demand|0.0,transport-coal|free_choice|demand|coal-fc-demand-47,coal-fc-demand-47,transport-coal,free_choice,demand,0.0,campaign,0.060671000042930245,0.037175999999999994,0.00046916597057133913,22282240,6074368,36148590000,optimal,optimality_proven,True,True,
a37bfb24-dff2-44b0-8c7b-c8c910856562,transport-coal|free_choice|demand|0.02,transport-coal|free_choice|demand|coal-fc-demand-47,coal-fc-demand-47,transport-coal,free_choice,demand,0.02,campaign,0.06062416697386652,0.038423,0.0004017079481855035,22282240,6025216,36148590000,optimal,optimality_proven,True,True,
a37bfb24-dff2-44b0-8c7b-c8c910856562,two-echelon-gold-au|free_choice|demand|0.01,two-echelon-gold-au|free_choice|demand|gold-fc-demand-81,gold-fc-demand-81,two-echelon-gold-au,free_choice,demand,0.01,campaign,0.057302541099488735,0.041745000000000004,0.00042004184797406197,22282240,8527872,343732.17,optimal,optimality_proven,True,True,
a37bfb24-dff2-44b0-8c7b-c8c910856562,two-echelon-gold-au|free_choice|demand|0.02,two-echelon-gold-au|free_choice|demand|gold-fc-demand-81,gold-fc-demand-81,two-echelon-gold-au,free_choice,demand,0.02,campaign,0.06064916600007564,0.04231299999999999,0.0003784169675782323,22282240,8527872,343732.17,optimal,optimality_proven,True,True,
a37bfb24-dff2-44b0-8c7b-c8c910856562,two-echelon-gold-au|free_choice|demand|0.005,two-echelon-gold-au|free_choice|demand|gold-fc-demand-81,gold-fc-demand-81,two-echelon-gold-au,free_choice,demand,0.005,campaign,0.053571667056530714,0.038600999999999996,0.0004593329504132271,22265856,8527872,343732.17,optimal,optimality_proven,True,True,
a37bfb24-dff2-44b0-8c7b-c8c910856562,two-echelon-gold-au|free_choice|demand|0.0,two-echelon-gold-au|free_choice|demand|gold-fc-demand-81,gold-fc-demand-81,two-echelon-gold-au,free_choice,demand,0.0,campaign,0.06080904195550829,0.04219,0.0005336251342669129,22282240,8527872,343732.17,optimal,optimality_proven,True,True,
a37bfb24-dff2-44b0-8c7b-c8c910856562,p-median-us|free_choice|distance|0.02,p-median-us|free_choice|distance|pmus-fc-distance-110,pmus-fc-distance-110,p-median-us,free_choice,distance,0.02,campaign,0.3388058749260381,0.30176299999999995,0.0005054170032963157,38862848,58290176,20674274707,optimal,optimality_proven,True,True,
a37bfb24-dff2-44b0-8c7b-c8c910856562,p-median-us|free_choice|distance|0.005,p-median-us|free_choice|distance|pmus-fc-distance-110,pmus-fc-distance-110,p-median-us,free_choice,distance,0.005,campaign,0.3352163750678301,0.311158,0.0004985418636351824,38944768,58880000,20674274707,optimal,optimality_proven,True,True,
a37bfb24-dff2-44b0-8c7b-c8c910856562,p-median-us|free_choice|distance|0.01,p-median-us|free_choice|distance|pmus-fc-distance-110,pmus-fc-distance-110,p-median-us,free_choice,distance,0.01,campaign,0.3498641250189394,0.30640599999999996,0.0005358329508453608,38862848,51654656,20674274707,optimal,optimality_proven,True,True,
a37bfb24-dff2-44b0-8c7b-c8c910856562,p-median-us|free_choice|distance|0.0,p-median-us|free_choice|distance|pmus-fc-distance-110,pmus-fc-distance-110,p-median-us,free_choice,distance,0.0,campaign,0.3587306250119582,0.29433,0.0005599590949714184,38944768,46735360,20674274707,optimal,optimality_proven,True,True,
a37bfb24-dff2-44b0-8c7b-c8c910856562,p-median-us|free_choice|distance|0.01,p-median-us|free_choice|distance|pmus-fc-distance-146,pmus-fc-distance-146,p-median-us,free_choice,distance,0.01,campaign,0.29987200000323355,0.286708,0.0004942090017721057,38862848,51744768,20674274707,optimal,optimality_proven,True,True,
a37bfb24-dff2-44b0-8c7b-c8c910856562,p-median-us|free_choice|distance|0.02,p-median-us|free_choice|distance|pmus-fc-distance-146,pmus-fc-distance-146,p-median-us,free_choice,distance,0.02,campaign,0.29155804100446403,0.27723899999999996,0.0005229999078437686,38961152,47230976,20674274707,optimal,optimality_proven,True,True,
a37bfb24-dff2-44b0-8c7b-c8c910856562,p-median-us|free_choice|distance|0.005,p-median-us|free_choice|distance|pmus-fc-distance-146,pmus-fc-distance-146,p-median-us,free_choice,distance,0.005,campaign,0.29256733297370374,0.281896,0.0004680840065702796,38879232,47230976,20674274707,optimal,optimality_proven,True,True,
a37bfb24-dff2-44b0-8c7b-c8c910856562,p-median-us|free_choice|distance|0.0,p-median-us|free_choice|distance|pmus-fc-distance-146,pmus-fc-distance-146,p-median-us,free_choice,distance,0.0,campaign,0.29066637495998293,0.284672,0.00046975002624094486,38961152,58728448,20674274707,optimal,optimality_proven,True,True,
a37bfb24-dff2-44b0-8c7b-c8c910856562,p-median-us|free_choice|demand|0.0,p-median-us|free_choice|demand|pmus-fc-demand-94,pmus-fc-demand-94,p-median-us,free_choice,demand,0.0,campaign,0.34426483407150954,0.286118,0.0005596659611910582,38928384,55652352,20604753637,optimal,optimality_proven,True,True,
a37bfb24-dff2-44b0-8c7b-c8c910856562,p-median-us|free_choice|demand|0.01,p-median-us|free_choice|demand|pmus-fc-demand-94,pmus-fc-demand-94,p-median-us,free_choice,demand,0.01,campaign,0.3447819999419153,0.29851099999999997,0.0006210419815033674,38944768,54706176,20604753637,optimal,optimality_proven,True,True,
a37bfb24-dff2-44b0-8c7b-c8c910856562,p-median-us|free_choice|demand|0.02,p-median-us|free_choice|demand|pmus-fc-demand-94,pmus-fc-demand-94,p-median-us,free_choice,demand,0.02,campaign,0.29590454103890806,0.286336,0.0005387089913710952,38830080,59600896,20604753637,optimal,optimality_proven,True,True,
a37bfb24-dff2-44b0-8c7b-c8c910856562,p-median-us|free_choice|demand|0.005,p-median-us|free_choice|demand|pmus-fc-demand-94,pmus-fc-demand-94,p-median-us,free_choice,demand,0.005,campaign,0.2934798749629408,0.28338199999999997,0.0005189169896766543,38944768,47382528,20604753637,optimal,optimality_proven,True,True,
a37bfb24-dff2-44b0-8c7b-c8c910856562,transport-coal|free_choice|capacity|0.0,transport-coal|free_choice|capacity|coal-fc-capacity-62,coal-fc-capacity-62,transport-coal,free_choice,capacity,0.0,campaign,0.060676374938338995,0.037353,0.00044095900375396013,22298624,6107136,0,infeasible,infeasible,True,True,
a37bfb24-dff2-44b0-8c7b-c8c910856562,transport-coal|free_choice|capacity|0.005,transport-coal|free_choice|capacity|coal-fc-capacity-62,coal-fc-capacity-62,transport-coal,free_choice,capacity,0.005,campaign,0.06070458295289427,0.036178,0.0004372920375317335,22282240,6025216,0,infeasible,infeasible,True,True,
a37bfb24-dff2-44b0-8c7b-c8c910856562,transport-coal|free_choice|capacity|0.02,transport-coal|free_choice|capacity|coal-fc-capacity-62,coal-fc-capacity-62,transport-coal,free_choice,capacity,0.02,campaign,0.05259554099757224,0.037642999999999996,0.0005057919770479202,22298624,6029312,0,infeasible,infeasible,True,True,
a37bfb24-dff2-44b0-8c7b-c8c910856562,transport-coal|free_choice|capacity|0.01,transport-coal|free_choice|capacity|coal-fc-capacity-62,coal-fc-capacity-62,transport-coal,free_choice,capacity,0.01,campaign,0.056295374990440905,0.038661,0.00046966609079390764,22298624,6029312,0,infeasible,infeasible,True,True,
a37bfb24-dff2-44b0-8c7b-c8c910856562,two-echelon-jade-us|free_choice|-|0.0,two-echelon-jade-us|free_choice|-|jade-fc-none-61,jade-fc-none-61,two-echelon-jade-us,free_choice,-,0.0,campaign,5.397314291913062,5.214115,0.0008417910430580378,64339968,173559808,181994572.1744,optimal,optimality_proven,True,True,
a37bfb24-dff2-44b0-8c7b-c8c910856562,two-echelon-jade-us|free_choice|-|0.01,two-echelon-jade-us|free_choice|-|jade-fc-none-61,jade-fc-none-61,two-echelon-jade-us,free_choice,-,0.01,campaign,5.069880541996099,4.961709,0.0016387490322813392,64339968,177123328,181994572.1744,optimal,optimality_proven,True,True,
a37bfb24-dff2-44b0-8c7b-c8c910856562,two-echelon-jade-us|free_choice|-|0.005,two-echelon-jade-us|free_choice|-|jade-fc-none-61,jade-fc-none-61,two-echelon-jade-us,free_choice,-,0.005,campaign,5.160251792054623,5.067894,0.0008550420170649886,64339968,178982912,181994572.1744,optimal,optimality_proven,True,True,
a37bfb24-dff2-44b0-8c7b-c8c910856562,two-echelon-jade-us|free_choice|-|0.02,two-echelon-jade-us|free_choice|-|jade-fc-none-61,jade-fc-none-61,two-echelon-jade-us,free_choice,-,0.02,campaign,5.101444458006881,4.98916,0.0009157090680673718,64339968,170385408,181994572.1744,optimal,optimality_proven,True,True,
a37bfb24-dff2-44b0-8c7b-c8c910856562,two-echelon-jade-us|free_choice|demand|0.02,two-echelon-jade-us|free_choice|demand|jade-fc-demand-13,jade-fc-demand-13,two-echelon-jade-us,free_choice,demand,0.02,campaign,8.788554291939363,8.426337,0.0011199580039829016,64372736,176963584,175132896.7219,feasible,gap_limit,True,True,
a37bfb24-dff2-44b0-8c7b-c8c910856562,two-echelon-jade-us|free_choice|demand|0.0,two-echelon-jade-us|free_choice|demand|jade-fc-demand-13,jade-fc-demand-13,two-echelon-jade-us,free_choice,demand,0.0,campaign,8.923324250034057,8.392591,0.0015659158816561103,64372736,195518464,175132896.7219,optimal,optimality_proven,True,True,
a37bfb24-dff2-44b0-8c7b-c8c910856562,two-echelon-jade-us|free_choice|demand|0.01,two-echelon-jade-us|free_choice|demand|jade-fc-demand-13,jade-fc-demand-13,two-echelon-jade-us,free_choice,demand,0.01,campaign,7.973600249970332,7.906961,0.0008266250370070338,64389120,219750400,175132896.7219,feasible,gap_limit,True,True,
a37bfb24-dff2-44b0-8c7b-c8c910856562,two-echelon-jade-us|free_choice|demand|0.005,two-echelon-jade-us|free_choice|demand|jade-fc-demand-13,jade-fc-demand-13,two-echelon-jade-us,free_choice,demand,0.005,campaign,8.009574207942933,7.918400999999999,0.0011194171383976936,64389120,217763840,175132896.7219,feasible,gap_limit,True,True,
a37bfb24-dff2-44b0-8c7b-c8c910856562,transport-coal|free_choice|distance|0.005,transport-coal|free_choice|distance|coal-fc-distance-74,coal-fc-distance-74,transport-coal,free_choice,distance,0.005,campaign,0.06086816603783518,0.044926,0.0007927509723231196,22347776,6029312,36263800000,optimal,optimality_proven,True,True,
a37bfb24-dff2-44b0-8c7b-c8c910856562,transport-coal|free_choice|distance|0.01,transport-coal|free_choice|distance|coal-fc-distance-74,coal-fc-distance-74,transport-coal,free_choice,distance,0.01,campaign,0.05407279194332659,0.035602999999999996,0.000584583031013608,22347776,6029312,36263800000,optimal,optimality_proven,True,True,
a37bfb24-dff2-44b0-8c7b-c8c910856562,transport-coal|free_choice|distance|0.0,transport-coal|free_choice|distance|coal-fc-distance-74,coal-fc-distance-74,transport-coal,free_choice,distance,0.0,campaign,0.060740333050489426,0.036489999999999995,0.00044662493746727705,22331392,6029312,36263800000,optimal,optimality_proven,True,True,
a37bfb24-dff2-44b0-8c7b-c8c910856562,transport-coal|free_choice|distance|0.02,transport-coal|free_choice|distance|coal-fc-distance-74,coal-fc-distance-74,transport-coal,free_choice,distance,0.02,campaign,0.059018458938226104,0.036614,0.00045908300671726465,22331392,6029312,36263800000,optimal,optimality_proven,True,True,
a37bfb24-dff2-44b0-8c7b-c8c910856562,two-echelon-jade-us|free_choice|-|0.0,two-echelon-jade-us|free_choice|-|jade-fc-none-63,jade-fc-none-63,two-echelon-jade-us,free_choice,-,0.0,campaign,3.807684583007358,3.7610609999999998,0.0006537499139085412,64356352,180838400,169061531.3691,optimal,optimality_proven,True,True,
a37bfb24-dff2-44b0-8c7b-c8c910856562,two-echelon-jade-us|free_choice|-|0.01,two-echelon-jade-us|free_choice|-|jade-fc-none-63,jade-fc-none-63,two-echelon-jade-us,free_choice,-,0.01,campaign,4.000522040994838,3.8269430000000004,0.0007987919962033629,64339968,193245184,169061531.3691,optimal,optimality_proven,True,True,
a37bfb24-dff2-44b0-8c7b-c8c910856562,two-echelon-jade-us|free_choice|-|0.005,two-echelon-jade-us|free_choice|-|jade-fc-none-63,jade-fc-none-63,two-echelon-jade-us,free_choice,-,0.005,campaign,3.9217706670751795,3.8303570000000002,0.0009674158645793796,64356352,208568320,169061531.3691,optimal,optimality_proven,True,True,
a37bfb24-dff2-44b0-8c7b-c8c910856562,two-echelon-jade-us|free_choice|-|0.02,two-echelon-jade-us|free_choice|-|jade-fc-none-63,jade-fc-none-63,two-echelon-jade-us,free_choice,-,0.02,campaign,3.79454849998001,3.759914,0.0006811670027673244,64356352,193355776,169061531.3691,optimal,optimality_proven,True,True,
a37bfb24-dff2-44b0-8c7b-c8c910856562,transport-coal|free_choice|-|0.01,transport-coal|free_choice|-|coal-fc-none-96,coal-fc-none-96,transport-coal,free_choice,-,0.01,campaign,0.06075795798096806,0.041999999999999996,0.0004804590716958046,22265856,6139904,38960794000,optimal,optimality_proven,True,True,
a37bfb24-dff2-44b0-8c7b-c8c910856562,transport-coal|free_choice|-|0.0,transport-coal|free_choice|-|coal-fc-none-96,coal-fc-none-96,transport-coal,free_choice,-,0.0,campaign,0.06078629207331687,0.036798,0.0004482078365981579,22265856,6029312,38960794000,optimal,optimality_proven,True,True,
a37bfb24-dff2-44b0-8c7b-c8c910856562,transport-coal|free_choice|-|0.02,transport-coal|free_choice|-|coal-fc-none-96,coal-fc-none-96,transport-coal,free_choice,-,0.02,campaign,0.06067587493453175,0.03634,0.0004578750813379884,22265856,6029312,38960794000,optimal,optimality_proven,True,True,
a37bfb24-dff2-44b0-8c7b-c8c910856562,transport-coal|free_choice|-|0.005,transport-coal|free_choice|-|coal-fc-none-96,coal-fc-none-96,transport-coal,free_choice,-,0.005,campaign,0.06063587497919798,0.036174,0.00044641701970249414,22249472,6029312,38960794000,optimal,optimality_proven,True,True,
a37bfb24-dff2-44b0-8c7b-c8c910856562,two-echelon-gold-au|free_choice|force|0.02,two-echelon-gold-au|free_choice|force|gold-fc-force-82,gold-fc-force-82,two-echelon-gold-au,free_choice,force,0.02,campaign,0.05811891600023955,0.037501999999999994,0.0004322510212659836,22249472,7331840,398892.43,optimal,optimality_proven,True,True,
a37bfb24-dff2-44b0-8c7b-c8c910856562,two-echelon-gold-au|free_choice|force|0.01,two-echelon-gold-au|free_choice|force|gold-fc-force-82,gold-fc-force-82,two-echelon-gold-au,free_choice,force,0.01,campaign,0.05412483401596546,0.03695,0.0004067489644512534,22233088,7196672,398892.43,optimal,optimality_proven,True,True,
a37bfb24-dff2-44b0-8c7b-c8c910856562,two-echelon-gold-au|free_choice|force|0.0,two-echelon-gold-au|free_choice|force|gold-fc-force-82,gold-fc-force-82,two-echelon-gold-au,free_choice,force,0.0,campaign,0.060754707898013294,0.036905999999999994,0.00042541709262877703,22249472,7204864,398892.43,optimal,optimality_proven,True,True,
a37bfb24-dff2-44b0-8c7b-c8c910856562,two-echelon-gold-au|free_choice|force|0.005,two-echelon-gold-au|free_choice|force|gold-fc-force-82,gold-fc-force-82,two-echelon-gold-au,free_choice,force,0.005,campaign,0.060763749992474914,0.036777,0.00041866698302328587,22249472,7204864,398892.43,optimal,optimality_proven,True,True,
a37bfb24-dff2-44b0-8c7b-c8c910856562,two-echelon-jade-us|forced_open|-|0.01,two-echelon-jade-us|forced_open|-|jade-fo-none-29,jade-fo-none-29,two-echelon-jade-us,forced_open,-,0.01,campaign,3.417585540912114,3.4029979999999997,0.0005223341286182404,64356352,182255616,165728606.0342,optimal,optimality_proven,True,True,
a37bfb24-dff2-44b0-8c7b-c8c910856562,two-echelon-jade-us|forced_open|-|0.005,two-echelon-jade-us|forced_open|-|jade-fo-none-29,jade-fo-none-29,two-echelon-jade-us,forced_open,-,0.005,campaign,3.4230864589335397,3.405818,0.0006592490244656801,64356352,183025664,165728606.0342,optimal,optimality_proven,True,True,
a37bfb24-dff2-44b0-8c7b-c8c910856562,two-echelon-jade-us|forced_open|-|0.02,two-echelon-jade-us|forced_open|-|jade-fo-none-29,jade-fo-none-29,two-echelon-jade-us,forced_open,-,0.02,campaign,3.521858916967176,3.4083509999999997,0.0006725410930812359,64356352,182591488,165728606.0342,optimal,optimality_proven,True,True,
a37bfb24-dff2-44b0-8c7b-c8c910856562,two-echelon-jade-us|forced_open|-|0.0,two-echelon-jade-us|forced_open|-|jade-fo-none-29,jade-fo-none-29,two-echelon-jade-us,forced_open,-,0.0,campaign,3.5158779160119593,3.462308,0.0007704169256612659,64339968,180961280,165728606.0342,optimal,optimality_proven,True,True,
a37bfb24-dff2-44b0-8c7b-c8c910856562,two-echelon-jade-us|free_choice|distance|0.005,two-echelon-jade-us|free_choice|distance|jade-fc-distance-142,jade-fc-distance-142,two-echelon-jade-us,free_choice,distance,0.005,campaign,3.6142924580490217,3.588749,0.0006893329555168748,64389120,186138624,169061531.3691,optimal,optimality_proven,True,True,
a37bfb24-dff2-44b0-8c7b-c8c910856562,two-echelon-jade-us|free_choice|distance|0.01,two-echelon-jade-us|free_choice|distance|jade-fc-distance-142,jade-fc-distance-142,two-echelon-jade-us,free_choice,distance,0.01,campaign,3.554463457898237,3.521535,0.0005722921341657639,64372736,195035136,169061531.3691,optimal,optimality_proven,True,True,
a37bfb24-dff2-44b0-8c7b-c8c910856562,two-echelon-jade-us|free_choice|distance|0.0,two-echelon-jade-us|free_choice|distance|jade-fc-distance-142,jade-fc-distance-142,two-echelon-jade-us,free_choice,distance,0.0,campaign,3.534702208940871,3.5179339999999995,0.0006804160075262189,64389120,183521280,169061531.3691,optimal,optimality_proven,True,True,
a37bfb24-dff2-44b0-8c7b-c8c910856562,two-echelon-jade-us|free_choice|distance|0.02,two-echelon-jade-us|free_choice|distance|jade-fc-distance-142,jade-fc-distance-142,two-echelon-jade-us,free_choice,distance,0.02,campaign,3.5707812500186265,3.5237730000000003,0.0005529159680008888,64372736,171597824,169061531.3691,optimal,optimality_proven,True,True,
a37bfb24-dff2-44b0-8c7b-c8c910856562,p-median-us|free_choice|demand|0.0,p-median-us|free_choice|demand|pmus-fc-demand-55,pmus-fc-demand-55,p-median-us,free_choice,demand,0.0,campaign,0.2926267080474645,0.25723,0.00046987493988126516,38977536,57540608,18329260598,optimal,optimality_proven,True,True,
a37bfb24-dff2-44b0-8c7b-c8c910856562,p-median-us|free_choice|demand|0.02,p-median-us|free_choice|demand|pmus-fc-demand-55,pmus-fc-demand-55,p-median-us,free_choice,demand,0.02,campaign,0.29349987499881536,0.251431,0.0005519590340554714,38977536,52330496,18329260598,optimal,optimality_proven,True,True,
a37bfb24-dff2-44b0-8c7b-c8c910856562,p-median-us|free_choice|demand|0.01,p-median-us|free_choice|demand|pmus-fc-demand-55,pmus-fc-demand-55,p-median-us,free_choice,demand,0.01,campaign,0.2902473750291392,0.253361,0.0004642079584300518,38977536,52588544,18329260598,optimal,optimality_proven,True,True,
a37bfb24-dff2-44b0-8c7b-c8c910856562,p-median-us|free_choice|demand|0.005,p-median-us|free_choice|demand|pmus-fc-demand-55,pmus-fc-demand-55,p-median-us,free_choice,demand,0.005,campaign,0.28619504207745194,0.250845,0.0004744578618556261,38961152,46686208,18329260598,optimal,optimality_proven,True,True,
a37bfb24-dff2-44b0-8c7b-c8c910856562,chens-cosmetics-cn|forced_open|-|0.0,chens-cosmetics-cn|forced_open|-|chens-fo-none-83,chens-fo-none-83,chens-cosmetics-cn,forced_open,-,0.0,campaign,0.4140427919337526,0.402931,0.0004635830409824848,44646400,20508672,0,infeasible,infeasible,True,True,
a37bfb24-dff2-44b0-8c7b-c8c910856562,chens-cosmetics-cn|forced_open|-|0.005,chens-cosmetics-cn|forced_open|-|chens-fo-none-83,chens-fo-none-83,chens-cosmetics-cn,forced_open,-,0.005,campaign,0.45862308400683105,0.40962399999999993,0.0005086660385131836,44630016,21815296,0,infeasible,infeasible,True,True,
a37bfb24-dff2-44b0-8c7b-c8c910856562,chens-cosmetics-cn|forced_open|-|0.01,chens-cosmetics-cn|forced_open|-|chens-fo-none-83,chens-fo-none-83,chens-cosmetics-cn,forced_open,-,0.01,campaign,0.4658854999579489,0.411132,0.0005904160207137465,44646400,23904256,0,infeasible,infeasible,True,True,
a37bfb24-dff2-44b0-8c7b-c8c910856562,chens-cosmetics-cn|forced_open|-|0.02,chens-cosmetics-cn|forced_open|-|chens-fo-none-83,chens-fo-none-83,chens-cosmetics-cn,forced_open,-,0.02,campaign,0.4696733329910785,0.40859799999999996,0.0006135000148788095,44630016,30498816,0,infeasible,infeasible,True,True,
a37bfb24-dff2-44b0-8c7b-c8c910856562,transport-coal|free_choice|capacity|0.0,transport-coal|free_choice|capacity|coal-fc-capacity-175,coal-fc-capacity-175,transport-coal,free_choice,capacity,0.0,campaign,0.06088979193009436,0.040395999999999994,0.0005200830055400729,22315008,6139904,0,infeasible,infeasible,True,True,
a37bfb24-dff2-44b0-8c7b-c8c910856562,transport-coal|free_choice|capacity|0.01,transport-coal|free_choice|capacity|coal-fc-capacity-175,coal-fc-capacity-175,transport-coal,free_choice,capacity,0.01,campaign,0.060692167025990784,0.037133,0.0004427909152582288,22315008,6025216,0,infeasible,infeasible,True,True,
a37bfb24-dff2-44b0-8c7b-c8c910856562,transport-coal|free_choice|capacity|0.02,transport-coal|free_choice|capacity|coal-fc-capacity-175,coal-fc-capacity-175,transport-coal,free_choice,capacity,0.02,campaign,0.060791917028836906,0.03642,0.00043616595212370157,22315008,6021120,0,infeasible,infeasible,True,True,
a37bfb24-dff2-44b0-8c7b-c8c910856562,transport-coal|free_choice|capacity|0.005,transport-coal|free_choice|capacity|coal-fc-capacity-175,coal-fc-capacity-175,transport-coal,free_choice,capacity,0.005,campaign,0.06071237497963011,0.03672,0.00044483307283371687,22331392,6045696,0,infeasible,infeasible,True,True,
a37bfb24-dff2-44b0-8c7b-c8c910856562,chens-cosmetics-cn|free_choice|-|0.0,chens-cosmetics-cn|free_choice|-|chens-fc-none-84,chens-fc-none-84,chens-cosmetics-cn,free_choice,-,0.0,campaign,1.0555592910386622,1.04745,0.0005680840695276856,44630016,37543936,0,infeasible,infeasible,True,True,
a37bfb24-dff2-44b0-8c7b-c8c910856562,chens-cosmetics-cn|free_choice|-|0.01,chens-cosmetics-cn|free_choice|-|chens-fc-none-84,chens-fc-none-84,chens-cosmetics-cn,free_choice,-,0.01,campaign,1.1005437088897452,1.074495,0.0005458751693367958,44630016,39354368,0,infeasible,infeasible,True,True,
a37bfb24-dff2-44b0-8c7b-c8c910856562,chens-cosmetics-cn|free_choice|-|0.005,chens-cosmetics-cn|free_choice|-|chens-fc-none-84,chens-fc-none-84,chens-cosmetics-cn,free_choice,-,0.005,campaign,1.1905508330091834,1.124834,0.0006846669130027294,44630016,44085248,0,infeasible,infeasible,True,True,
a37bfb24-dff2-44b0-8c7b-c8c910856562,chens-cosmetics-cn|free_choice|-|0.02,chens-cosmetics-cn|free_choice|-|chens-fc-none-84,chens-fc-none-84,chens-cosmetics-cn,free_choice,-,0.02,campaign,1.1209850419545546,1.0697149999999997,0.0005763750523328781,44630016,40439808,0,infeasible,infeasible,True,True,
a37bfb24-dff2-44b0-8c7b-c8c910856562,two-echelon-jade-us|free_choice|force|0.01,two-echelon-jade-us|free_choice|force|jade-fc-force-57,jade-fc-force-57,two-echelon-jade-us,free_choice,force,0.01,campaign,8.930576666025445,8.739767,0.0013853759737685323,64389120,195772416,175675570.1288,feasible,gap_limit,True,True,
a37bfb24-dff2-44b0-8c7b-c8c910856562,two-echelon-jade-us|free_choice|force|0.02,two-echelon-jade-us|free_choice|force|jade-fc-force-57,jade-fc-force-57,two-echelon-jade-us,free_choice,force,0.02,campaign,9.798823459073901,9.056425,0.0017638738499954343,64372736,181334016,175675570.1288,feasible,gap_limit,True,True,
a37bfb24-dff2-44b0-8c7b-c8c910856562,two-echelon-jade-us|free_choice|force|0.0,two-echelon-jade-us|free_choice|force|jade-fc-force-57,jade-fc-force-57,two-echelon-jade-us,free_choice,force,0.0,campaign,8.884547333000228,8.583961,0.0016623749397695065,64372736,219951104,175553540.5164,optimal,optimality_proven,True,True,
a37bfb24-dff2-44b0-8c7b-c8c910856562,two-echelon-jade-us|free_choice|force|0.005,two-echelon-jade-us|free_choice|force|jade-fc-force-57,jade-fc-force-57,two-echelon-jade-us,free_choice,force,0.005,campaign,8.664595916052349,8.566559,0.0008461249526590109,64389120,220573696,175675570.1288,feasible,gap_limit,True,True,
a37bfb24-dff2-44b0-8c7b-c8c910856562,two-echelon-gold-au|free_choice|demand|0.02,two-echelon-gold-au|free_choice|demand|gold-fc-demand-118,gold-fc-demand-118,two-echelon-gold-au,free_choice,demand,0.02,campaign,0.11592308396939188,0.045907,0.0005842500831931829,22347776,8732672,376638.46,optimal,optimality_proven,True,True,
a37bfb24-dff2-44b0-8c7b-c8c910856562,two-echelon-gold-au|free_choice|demand|0.005,two-echelon-gold-au|free_choice|demand|gold-fc-demand-118,gold-fc-demand-118,two-echelon-gold-au,free_choice,demand,0.005,campaign,0.05494933295994997,0.042259,0.0005857080686837435,22331392,8527872,376638.46,optimal,optimality_proven,True,True,
a37bfb24-dff2-44b0-8c7b-c8c910856562,two-echelon-gold-au|free_choice|demand|0.01,two-echelon-gold-au|free_choice|demand|gold-fc-demand-118,gold-fc-demand-118,two-echelon-gold-au,free_choice,demand,0.01,campaign,0.053743166965432465,0.038396,0.0005288739921525121,22347776,8523776,376638.46,optimal,optimality_proven,True,True,
a37bfb24-dff2-44b0-8c7b-c8c910856562,two-echelon-gold-au|free_choice|demand|0.0,two-echelon-gold-au|free_choice|demand|gold-fc-demand-118,gold-fc-demand-118,two-echelon-gold-au,free_choice,demand,0.0,campaign,0.06069529103115201,0.038653,0.0005944588920101523,22347776,8523776,376638.46,optimal,optimality_proven,True,True,
a37bfb24-dff2-44b0-8c7b-c8c910856562,p-median-us|free_choice|distance|0.0,p-median-us|free_choice|distance|pmus-fc-distance-27,pmus-fc-distance-27,p-median-us,free_choice,distance,0.0,campaign,0.29582270805258304,0.260053,0.0004960008664056659,38944768,47837184,18406931866,optimal,optimality_proven,True,True,
a37bfb24-dff2-44b0-8c7b-c8c910856562,p-median-us|free_choice|distance|0.02,p-median-us|free_choice|distance|pmus-fc-distance-27,pmus-fc-distance-27,p-median-us,free_choice,distance,0.02,campaign,0.2903529170434922,0.260618,0.0008158328710123897,38993920,55676928,18406931866,optimal,optimality_proven,True,True,
a37bfb24-dff2-44b0-8c7b-c8c910856562,p-median-us|free_choice|distance|0.01,p-median-us|free_choice|distance|pmus-fc-distance-27,pmus-fc-distance-27,p-median-us,free_choice,distance,0.01,campaign,0.28067404101602733,0.25465899999999997,0.0004300839500501752,38977536,47194112,18406931866,optimal,optimality_proven,True,True,
a37bfb24-dff2-44b0-8c7b-c8c910856562,p-median-us|free_choice|distance|0.005,p-median-us|free_choice|distance|pmus-fc-distance-27,pmus-fc-distance-27,p-median-us,free_choice,distance,0.005,campaign,0.2858900420833379,0.259341,0.0007907078834250569,38993920,52228096,18406931866,optimal,optimality_proven,True,True,
a37bfb24-dff2-44b0-8c7b-c8c910856562,two-echelon-jade-us|forced_open|-|0.0,two-echelon-jade-us|forced_open|-|jade-fo-none-79,jade-fo-none-79,two-echelon-jade-us,forced_open,-,0.0,campaign,3.6866017499705777,3.605896,0.0009213750017806888,64389120,185782272,167204852.1307,optimal,optimality_proven,True,True,
a37bfb24-dff2-44b0-8c7b-c8c910856562,two-echelon-jade-us|forced_open|-|0.005,two-echelon-jade-us|forced_open|-|jade-fo-none-79,jade-fo-none-79,two-echelon-jade-us,forced_open,-,0.005,campaign,3.558297666022554,3.530045,0.0010143340332433581,64372736,179396608,167204852.1307,optimal,optimality_proven,True,True,
a37bfb24-dff2-44b0-8c7b-c8c910856562,two-echelon-jade-us|forced_open|-|0.01,two-echelon-jade-us|forced_open|-|jade-fo-none-79,jade-fo-none-79,two-echelon-jade-us,forced_open,-,0.01,campaign,3.6329032910289243,3.5925909999999996,0.0008967919275164604,64389120,207028224,167204852.1307,optimal,optimality_proven,True,True,
a37bfb24-dff2-44b0-8c7b-c8c910856562,two-echelon-jade-us|forced_open|-|0.02,two-echelon-jade-us|forced_open|-|jade-fo-none-79,jade-fo-none-79,two-echelon-jade-us,forced_open,-,0.02,campaign,3.7061345420079306,3.6712369999999996,0.000681250006891787,64389120,201609216,167204852.1307,optimal,optimality_proven,True,True,
a37bfb24-dff2-44b0-8c7b-c8c910856562,two-echelon-gold-au|free_choice|force|0.01,two-echelon-gold-au|free_choice|force|gold-fc-force-17,gold-fc-force-17,two-echelon-gold-au,free_choice,force,0.01,campaign,0.06077104096766561,0.044440999999999994,0.00047312607057392597,22282240,7204864,425224.61,optimal,optimality_proven,True,True,
a37bfb24-dff2-44b0-8c7b-c8c910856562,two-echelon-gold-au|free_choice|force|0.005,two-echelon-gold-au|free_choice|force|gold-fc-force-17,gold-fc-force-17,two-echelon-gold-au,free_choice,force,0.005,campaign,0.052828958025202155,0.039263,0.00042983400635421276,22282240,7204864,425224.61,optimal,optimality_proven,True,True,
a37bfb24-dff2-44b0-8c7b-c8c910856562,two-echelon-gold-au|free_choice|force|0.02,two-echelon-gold-au|free_choice|force|gold-fc-force-17,gold-fc-force-17,two-echelon-gold-au,free_choice,force,0.02,campaign,0.06069612503051758,0.038636,0.00041799992322921753,22282240,7204864,425224.61,optimal,optimality_proven,True,True,
a37bfb24-dff2-44b0-8c7b-c8c910856562,two-echelon-gold-au|free_choice|force|0.0,two-echelon-gold-au|free_choice|force|gold-fc-force-17,gold-fc-force-17,two-echelon-gold-au,free_choice,force,0.0,campaign,0.060679833055473864,0.03875,0.0004397919401526451,22282240,7204864,425224.61,optimal,optimality_proven,True,True,
a37bfb24-dff2-44b0-8c7b-c8c910856562,p-median-brazil|forced_open|capacity|0.02,p-median-brazil|forced_open|capacity|brazil-fo-cap-194,brazil-fo-cap-194,p-median-brazil,forced_open,capacity,0.02,campaign,0.06069441605359316,0.023135999999999997,0.00047783402260392904,22102016,0,0,infeasible,infeasible,True,True,
a37bfb24-dff2-44b0-8c7b-c8c910856562,p-median-brazil|forced_open|capacity|0.005,p-median-brazil|forced_open|capacity|brazil-fo-cap-194,brazil-fo-cap-194,p-median-brazil,forced_open,capacity,0.005,campaign,0.058268917025998235,0.023991,0.0005492909112945199,22102016,0,0,infeasible,infeasible,True,True,
a37bfb24-dff2-44b0-8c7b-c8c910856562,p-median-brazil|forced_open|capacity|0.0,p-median-brazil|forced_open|capacity|brazil-fo-cap-194,brazil-fo-cap-194,p-median-brazil,forced_open,capacity,0.0,campaign,0.05113529204390943,0.024595,0.0004796668654307723,22102016,0,0,infeasible,infeasible,True,True,
a37bfb24-dff2-44b0-8c7b-c8c910856562,p-median-brazil|forced_open|capacity|0.01,p-median-brazil|forced_open|capacity|brazil-fo-cap-194,brazil-fo-cap-194,p-median-brazil,forced_open,capacity,0.01,campaign,0.05358883400913328,0.023725,0.0004524159012362361,22102016,0,0,infeasible,infeasible,True,True,
a37bfb24-dff2-44b0-8c7b-c8c910856562,two-echelon-jade-us|free_choice|-|0.01,two-echelon-jade-us|free_choice|-|jade-fc-none-68,jade-fc-none-68,two-echelon-jade-us,free_choice,-,0.01,campaign,7.23059120902326,7.1508579999999995,0.0008085409644991159,64372736,212758528,175553540.5164,feasible,gap_limit,True,True,
a37bfb24-dff2-44b0-8c7b-c8c910856562,two-echelon-jade-us|free_choice|-|0.005,two-echelon-jade-us|free_choice|-|jade-fc-none-68,jade-fc-none-68,two-echelon-jade-us,free_choice,-,0.005,campaign,8.08875416603405,7.771680999999999,0.0012542089680209756,64372736,206987264,175553540.5164,feasible,gap_limit,True,True,
a37bfb24-dff2-44b0-8c7b-c8c910856562,two-echelon-jade-us|free_choice|-|0.02,two-echelon-jade-us|free_choice|-|jade-fc-none-68,jade-fc-none-68,two-echelon-jade-us,free_choice,-,0.02,campaign,3.0015255830949172,1.84324,0.0023292918922379613,64372736,146325504,145888104.5972,no_solution,time_limit,True,True,
a37bfb24-dff2-44b0-8c7b-c8c910856562,two-echelon-jade-us|free_choice|-|0.0,two-echelon-jade-us|free_choice|-|jade-fc-none-68,jade-fc-none-68,two-echelon-jade-us,free_choice,-,0.0,campaign,8.02976545796264,7.516334,0.0013506250688806176,61882368,149426176,175553540.5164,optimal,optimality_proven,True,True,
a37bfb24-dff2-44b0-8c7b-c8c910856562,two-echelon-gold-au|free_choice|-|0.005,two-echelon-gold-au|free_choice|-|gold-fc-none-172,gold-fc-none-172,two-echelon-gold-au,free_choice,-,0.005,campaign,0.9364772910485044,0.33517199999999997,0.000851917895488441,22200320,8990720,416134.04,optimal,optimality_proven,True,True,
a37bfb24-dff2-44b0-8c7b-c8c910856562,two-echelon-gold-au|free_choice|-|0.0,two-echelon-gold-au|free_choice|-|gold-fc-none-172,gold-fc-none-172,two-echelon-gold-au,free_choice,-,0.0,campaign,0.10920179099775851,0.043383,0.0006186669925227761,22282240,8527872,416134.04,optimal,optimality_proven,True,True,
a37bfb24-dff2-44b0-8c7b-c8c910856562,two-echelon-gold-au|free_choice|-|0.01,two-echelon-gold-au|free_choice|-|gold-fc-none-172,gold-fc-none-172,two-echelon-gold-au,free_choice,-,0.01,campaign,0.0609438749961555,0.044527,0.00046804104931652546,22282240,8663040,416134.04,optimal,optimality_proven,True,True,
a37bfb24-dff2-44b0-8c7b-c8c910856562,two-echelon-gold-au|free_choice|-|0.02,two-echelon-gold-au|free_choice|-|gold-fc-none-172,gold-fc-none-172,two-echelon-gold-au,free_choice,-,0.02,campaign,0.06076204194687307,0.043838,0.0004143329570069909,22282240,8527872,416134.04,optimal,optimality_proven,True,True,
a37bfb24-dff2-44b0-8c7b-c8c910856562,p-median-brazil|forced_open|-|0.01,p-median-brazil|forced_open|-|brazil-fo-none-16,brazil-fo-none-16,p-median-brazil,forced_open,-,0.01,campaign,0.06082374998368323,0.02541,0.0006488331127911806,22085632,0,0,infeasible,infeasible,True,True,
a37bfb24-dff2-44b0-8c7b-c8c910856562,p-median-brazil|forced_open|-|0.005,p-median-brazil|forced_open|-|brazil-fo-none-16,brazil-fo-none-16,p-median-brazil,forced_open,-,0.005,campaign,0.06091779097914696,0.024531999999999998,0.0005977511173114181,22085632,0,0,infeasible,infeasible,True,True,
a37bfb24-dff2-44b0-8c7b-c8c910856562,p-median-brazil|forced_open|-|0.02,p-median-brazil|forced_open|-|brazil-fo-none-16,brazil-fo-none-16,p-median-brazil,forced_open,-,0.02,campaign,0.06092529196757823,0.026173,0.0008323739748448133,22085632,0,0,infeasible,infeasible,True,True,
a37bfb24-dff2-44b0-8c7b-c8c910856562,p-median-brazil|forced_open|-|0.0,p-median-brazil|forced_open|-|brazil-fo-none-16,brazil-fo-none-16,p-median-brazil,forced_open,-,0.0,campaign,0.05733724997844547,0.026703,0.0007844590581953526,22085632,0,0,infeasible,infeasible,True,True,
a37bfb24-dff2-44b0-8c7b-c8c910856562,p-median-brazil|forced_open|-|0.02,p-median-brazil|forced_open|-|brazil-fo-none-197,brazil-fo-none-197,p-median-brazil,forced_open,-,0.02,campaign,0.05655400000978261,0.030738999999999995,0.0006308750016614795,22102016,0,0,infeasible,infeasible,True,True,
a37bfb24-dff2-44b0-8c7b-c8c910856562,p-median-brazil|forced_open|-|0.005,p-median-brazil|forced_open|-|brazil-fo-none-197,brazil-fo-none-197,p-median-brazil,forced_open,-,0.005,campaign,0.05661154200788587,0.027248999999999995,0.0008029579184949398,22102016,0,0,infeasible,infeasible,True,True,
a37bfb24-dff2-44b0-8c7b-c8c910856562,p-median-brazil|forced_open|-|0.01,p-median-brazil|forced_open|-|brazil-fo-none-197,brazil-fo-none-197,p-median-brazil,forced_open,-,0.01,campaign,0.05936670792289078,0.024772000000000002,0.0006850830977782607,22102016,0,0,infeasible,infeasible,True,True,
a37bfb24-dff2-44b0-8c7b-c8c910856562,p-median-brazil|forced_open|-|0.0,p-median-brazil|forced_open|-|brazil-fo-none-197,brazil-fo-none-197,p-median-brazil,forced_open,-,0.0,campaign,0.05848641600459814,0.025020999999999998,0.0006492920219898224,22102016,0,0,infeasible,infeasible,True,True,
a37bfb24-dff2-44b0-8c7b-c8c910856562,transport-coal|free_choice|demand|0.01,transport-coal|free_choice|demand|coal-fc-demand-130,coal-fc-demand-130,transport-coal,free_choice,demand,0.01,campaign,0.10699083295185119,0.045752,0.0032535421196371317,22364160,6172672,36642655000,optimal,optimality_proven,True,True,
a37bfb24-dff2-44b0-8c7b-c8c910856562,transport-coal|free_choice|demand|0.02,transport-coal|free_choice|demand|coal-fc-demand-130,coal-fc-demand-130,transport-coal,free_choice,demand,0.02,campaign,0.06100904196500778,0.045571,0.0004920409992337227,22364160,6025216,36642655000,optimal,optimality_proven,True,True,
a37bfb24-dff2-44b0-8c7b-c8c910856562,transport-coal|free_choice|demand|0.005,transport-coal|free_choice|demand|coal-fc-demand-130,coal-fc-demand-130,transport-coal,free_choice,demand,0.005,campaign,0.06078229192644358,0.040224,0.00045762513764202595,22364160,6029312,36642655000,optimal,optimality_proven,True,True,
a37bfb24-dff2-44b0-8c7b-c8c910856562,transport-coal|free_choice|demand|0.0,transport-coal|free_choice|demand|coal-fc-demand-130,coal-fc-demand-130,transport-coal,free_choice,demand,0.0,campaign,0.05804970802273601,0.040247,0.0005076669622212648,22364160,6029312,36642655000,optimal,optimality_proven,True,True,
a37bfb24-dff2-44b0-8c7b-c8c910856562,two-echelon-gold-au|free_choice|demand|0.0,two-echelon-gold-au|free_choice|demand|gold-fc-demand-150,gold-fc-demand-150,two-echelon-gold-au,free_choice,demand,0.0,campaign,0.060206249938346446,0.046944,0.0005880420794710517,22364160,8859648,376235.67,optimal,optimality_proven,True,True,
a37bfb24-dff2-44b0-8c7b-c8c910856562,two-echelon-gold-au|free_choice|demand|0.01,two-echelon-gold-au|free_choice|demand|gold-fc-demand-150,gold-fc-demand-150,two-echelon-gold-au,free_choice,demand,0.01,campaign,0.05829850002191961,0.046899,0.0004866670351475477,22347776,8822784,376235.67,optimal,optimality_proven,True,True,
a37bfb24-dff2-44b0-8c7b-c8c910856562,two-echelon-gold-au|free_choice|demand|0.005,two-echelon-gold-au|free_choice|demand|gold-fc-demand-150,gold-fc-demand-150,two-echelon-gold-au,free_choice,demand,0.005,campaign,0.05738679098431021,0.043577,0.00045870908070355654,22347776,8523776,376235.67,optimal,optimality_proven,True,True,
a37bfb24-dff2-44b0-8c7b-c8c910856562,two-echelon-gold-au|free_choice|demand|0.02,two-echelon-gold-au|free_choice|demand|gold-fc-demand-150,gold-fc-demand-150,two-echelon-gold-au,free_choice,demand,0.02,campaign,0.06068904197309166,0.04314,0.0004235830856487155,22347776,8568832,376235.67,optimal,optimality_proven,True,True,
a37bfb24-dff2-44b0-8c7b-c8c910856562,p-median-brazil|forced_open|capacity|0.0,p-median-brazil|forced_open|capacity|brazil-fo-cap-111,brazil-fo-cap-111,p-median-brazil,forced_open,capacity,0.0,campaign,0.06071508303284645,0.023725,0.0004343340406194329,22102016,0,0,infeasible,infeasible,True,True,
a37bfb24-dff2-44b0-8c7b-c8c910856562,p-median-brazil|forced_open|capacity|0.02,p-median-brazil|forced_open|capacity|brazil-fo-cap-111,brazil-fo-cap-111,p-median-brazil,forced_open,capacity,0.02,campaign,0.06067220901604742,0.025747999999999997,0.0005147909978404641,22102016,0,0,infeasible,infeasible,True,True,
a37bfb24-dff2-44b0-8c7b-c8c910856562,p-median-brazil|forced_open|capacity|0.005,p-median-brazil|forced_open|capacity|brazil-fo-cap-111,brazil-fo-cap-111,p-median-brazil,forced_open,capacity,0.005,campaign,0.06067962490487844,0.024954999999999998,0.0005501251434907317,22102016,0,0,infeasible,infeasible,True,True,
a37bfb24-dff2-44b0-8c7b-c8c910856562,p-median-brazil|forced_open|capacity|0.01,p-median-brazil|forced_open|capacity|brazil-fo-cap-111,brazil-fo-cap-111,p-median-brazil,forced_open,capacity,0.01,campaign,0.056886250036768615,0.027892,0.001067084027454257,22118400,0,0,infeasible,infeasible,True,True,
a37bfb24-dff2-44b0-8c7b-c8c910856562,two-echelon-jade-us|free_choice|force|0.02,two-echelon-jade-us|free_choice|force|jade-fc-force-144,jade-fc-force-144,two-echelon-jade-us,free_choice,force,0.02,campaign,4.6236448750132695,4.459078999999999,0.0007856659358367324,64405504,148381696,181994572.1744,optimal,optimality_proven,True,True,
a37bfb24-dff2-44b0-8c7b-c8c910856562,two-echelon-jade-us|free_choice|force|0.0,two-echelon-jade-us|free_choice|force|jade-fc-force-144,jade-fc-force-144,two-echelon-jade-us,free_choice,force,0.0,campaign,5.101788832922466,4.6391279999999995,0.0011546250898391008,64421888,149102592,181994572.1744,optimal,optimality_proven,True,True,
a37bfb24-dff2-44b0-8c7b-c8c910856562,two-echelon-jade-us|free_choice|force|0.005,two-echelon-jade-us|free_choice|force|jade-fc-force-144,jade-fc-force-144,two-echelon-jade-us,free_choice,force,0.005,campaign,4.746705666999333,4.454278,0.0014129990013316274,64405504,173920256,181994572.1744,optimal,optimality_proven,True,True,
a37bfb24-dff2-44b0-8c7b-c8c910856562,two-echelon-jade-us|free_choice|force|0.01,two-echelon-jade-us|free_choice|force|jade-fc-force-144,jade-fc-force-144,two-echelon-jade-us,free_choice,force,0.01,campaign,4.790296624996699,4.528316,0.0010277499677613378,64405504,140111872,181994572.1744,optimal,optimality_proven,True,True,
a37bfb24-dff2-44b0-8c7b-c8c910856562,p-median-us|free_choice|demand|0.02,p-median-us|free_choice|demand|pmus-fc-demand-187,pmus-fc-demand-187,p-median-us,free_choice,demand,0.02,campaign,0.45530558400787413,0.299917,0.0006257080240175128,38993920,58384384,18370657804,optimal,optimality_proven,True,True,
a37bfb24-dff2-44b0-8c7b-c8c910856562,p-median-us|free_choice|demand|0.005,p-median-us|free_choice|demand|pmus-fc-demand-187,pmus-fc-demand-187,p-median-us,free_choice,demand,0.005,campaign,0.3304651250364259,0.30066000000000004,0.0006688330322504044,38961152,60186624,18370657804,optimal,optimality_proven,True,True,
a37bfb24-dff2-44b0-8c7b-c8c910856562,p-median-us|free_choice|demand|0.01,p-median-us|free_choice|demand|pmus-fc-demand-187,pmus-fc-demand-187,p-median-us,free_choice,demand,0.01,campaign,0.3311230419203639,0.286532,0.0009875001851469278,38961152,58580992,18370657804,optimal,optimality_proven,True,True,
a37bfb24-dff2-44b0-8c7b-c8c910856562,p-median-us|free_choice|demand|0.0,p-median-us|free_choice|demand|pmus-fc-demand-187,pmus-fc-demand-187,p-median-us,free_choice,demand,0.0,campaign,0.34404712507966906,0.272485,0.000564499874599278,39026688,63066112,18370657804,optimal,optimality_proven,True,True,
a37bfb24-dff2-44b0-8c7b-c8c910856562,p-median-us|free_choice|demand|0.02,p-median-us|free_choice|demand|pmus-fc-demand-102,pmus-fc-demand-102,p-median-us,free_choice,demand,0.02,campaign,0.3443865419831127,0.29996599999999995,0.0005661669420078397,38961152,55324672,20666701585,optimal,optimality_proven,True,True,
a37bfb24-dff2-44b0-8c7b-c8c910856562,p-median-us|free_choice|demand|0.005,p-median-us|free_choice|demand|pmus-fc-demand-102,pmus-fc-demand-102,p-median-us,free_choice,demand,0.005,campaign,0.33954345900565386,0.294846,0.0005353739252313972,39026688,52797440,20666701585,optimal,optimality_proven,True,True,
a37bfb24-dff2-44b0-8c7b-c8c910856562,p-median-us|free_choice|demand|0.0,p-median-us|free_choice|demand|pmus-fc-demand-102,pmus-fc-demand-102,p-median-us,free_choice,demand,0.0,campaign,0.35292191698681563,0.289861,0.0006354580400511622,39026688,63107072,20666701585,optimal,optimality_proven,True,True,
a37bfb24-dff2-44b0-8c7b-c8c910856562,p-median-us|free_choice|demand|0.01,p-median-us|free_choice|demand|pmus-fc-demand-102,pmus-fc-demand-102,p-median-us,free_choice,demand,0.01,campaign,0.33916108403354883,0.31129799999999996,0.0005477908998727798,38961152,52817920,20666701585,optimal,optimality_proven,True,True,
a37bfb24-dff2-44b0-8c7b-c8c910856562,two-echelon-gold-au|free_choice|-|0.02,two-echelon-gold-au|free_choice|-|gold-fc-none-134,gold-fc-none-134,two-echelon-gold-au,free_choice,-,0.02,campaign,0.06090041599236429,0.042588,0.0006245010299608111,22298624,8744960,421060.21,optimal,optimality_proven,True,True,
a37bfb24-dff2-44b0-8c7b-c8c910856562,two-echelon-gold-au|free_choice|-|0.0,two-echelon-gold-au|free_choice|-|gold-fc-none-134,gold-fc-none-134,two-echelon-gold-au,free_choice,-,0.0,campaign,0.053701624972745776,0.044150999999999996,0.0004687500186264515,22298624,8536064,421060.21,optimal,optimality_proven,True,True,
a37bfb24-dff2-44b0-8c7b-c8c910856562,two-echelon-gold-au|free_choice|-|0.01,two-echelon-gold-au|free_choice|-|gold-fc-none-134,gold-fc-none-134,two-echelon-gold-au,free_choice,-,0.01,campaign,0.0515992910368368,0.04431099999999999,0.00047487590927630663,22298624,8712192,421060.21,optimal,optimality_proven,True,True,
a37bfb24-dff2-44b0-8c7b-c8c910856562,two-echelon-gold-au|free_choice|-|0.005,two-echelon-gold-au|free_choice|-|gold-fc-none-134,gold-fc-none-134,two-echelon-gold-au,free_choice,-,0.005,campaign,0.05958804104011506,0.04304,0.00047999992966651917,22315008,8527872,421060.21,optimal,optimality_proven,True,True,
a37bfb24-dff2-44b0-8c7b-c8c910856562,p-median-brazil|forced_open|-|0.005,p-median-brazil|forced_open|-|brazil-fo-none-165,brazil-fo-none-165,p-median-brazil,forced_open,-,0.005,campaign,0.054759458056651056,0.022796999999999998,0.0004508339334279299,22102016,0,0,infeasible,infeasible,True,True,
a37bfb24-dff2-44b0-8c7b-c8c910856562,p-median-brazil|forced_open|-|0.0,p-median-brazil|forced_open|-|brazil-fo-none-165,brazil-fo-none-165,p-median-brazil,forced_open,-,0.0,campaign,0.06071741704363376,0.023187,0.0005062910495325923,22102016,0,0,infeasible,infeasible,True,True,
a37bfb24-dff2-44b0-8c7b-c8c910856562,p-median-brazil|forced_open|-|0.02,p-median-brazil|forced_open|-|brazil-fo-none-165,brazil-fo-none-165,p-median-brazil,forced_open,-,0.02,campaign,0.05747387500014156,0.02507,0.000499415909871459,22102016,0,0,infeasible,infeasible,True,True,
a37bfb24-dff2-44b0-8c7b-c8c910856562,p-median-brazil|forced_open|-|0.01,p-median-brazil|forced_open|-|brazil-fo-none-165,brazil-fo-none-165,p-median-brazil,forced_open,-,0.01,campaign,0.060798457940109074,0.024769,0.00047079205978661776,22102016,0,0,infeasible,infeasible,True,True,
a37bfb24-dff2-44b0-8c7b-c8c910856562,p-median-us|free_choice|-|0.02,p-median-us|free_choice|-|pmus-fc-none-159,pmus-fc-none-159,p-median-us,free_choice,-,0.02,campaign,0.35556233301758766,0.290365,0.000522000016644597,38993920,60239872,20674274707,optimal,optimality_proven,True,True,
a37bfb24-dff2-44b0-8c7b-c8c910856562,p-median-us|free_choice|-|0.0,p-median-us|free_choice|-|pmus-fc-none-159,pmus-fc-none-159,p-median-us,free_choice,-,0.0,campaign,0.3526299580698833,0.286175,0.0005613749381154776,38993920,52760576,20674274707,optimal,optimality_proven,True,True,
a37bfb24-dff2-44b0-8c7b-c8c910856562,p-median-us|free_choice|-|0.005,p-median-us|free_choice|-|pmus-fc-none-159,pmus-fc-none-159,p-median-us,free_choice,-,0.005,campaign,0.34608191694132984,0.282022,0.0005584581522271037,38993920,47226880,20674274707,optimal,optimality_proven,True,True,
a37bfb24-dff2-44b0-8c7b-c8c910856562,p-median-us|free_choice|-|0.01,p-median-us|free_choice|-|pmus-fc-none-159,pmus-fc-none-159,p-median-us,free_choice,-,0.01,campaign,0.3008513340028003,0.28813199999999994,0.00047208298929035664,39010304,52068352,20674274707,optimal,optimality_proven,True,True,
a37bfb24-dff2-44b0-8c7b-c8c910856562,p-median-brazil|free_choice|force|0.02,p-median-brazil|free_choice|force|brazil-fc-force-127,brazil-fc-force-127,p-median-brazil,free_choice,force,0.02,campaign,0.06083183398004621,0.022417999999999997,0.0004451660206541419,22134784,0,0,infeasible,infeasible,True,True,
a37bfb24-dff2-44b0-8c7b-c8c910856562,p-median-brazil|free_choice|force|0.0,p-median-brazil|free_choice|force|brazil-fc-force-127,brazil-fc-force-127,p-median-brazil,free_choice,force,0.0,campaign,0.06079741602297872,0.024287,0.000439041992649436,22134784,0,0,infeasible,infeasible,True,True,
a37bfb24-dff2-44b0-8c7b-c8c910856562,p-median-brazil|free_choice|force|0.01,p-median-brazil|free_choice|force|brazil-fc-force-127,brazil-fc-force-127,p-median-brazil,free_choice,force,0.01,campaign,0.05823858396615833,0.023503,0.00047408195678144693,22134784,0,0,infeasible,infeasible,True,True,
a37bfb24-dff2-44b0-8c7b-c8c910856562,p-median-brazil|free_choice|force|0.005,p-median-brazil|free_choice|force|brazil-fc-force-127,brazil-fc-force-127,p-median-brazil,free_choice,force,0.005,campaign,0.06076341704465449,0.023736999999999998,0.0004541248781606555,22134784,0,0,infeasible,infeasible,True,True,
a37bfb24-dff2-44b0-8c7b-c8c910856562,chens-cosmetics-cn|forced_open|-|0.02,chens-cosmetics-cn|forced_open|-|chens-fo-none-40,chens-fo-none-40,chens-cosmetics-cn,forced_open,-,0.02,campaign,1.031730541959405,0.967645,0.0006855410756543279,44695552,43413504,0,infeasible,infeasible,True,True,
a37bfb24-dff2-44b0-8c7b-c8c910856562,chens-cosmetics-cn|forced_open|-|0.0,chens-cosmetics-cn|forced_open|-|chens-fo-none-40,chens-fo-none-40,chens-cosmetics-cn,forced_open,-,0.0,campaign,0.986118417000398,0.953808,0.0005507080350071192,44711936,42778624,0,infeasible,infeasible,True,True,
a37bfb24-dff2-44b0-8c7b-c8c910856562,chens-cosmetics-cn|forced_open|-|0.005,chens-cosmetics-cn|forced_open|-|chens-fo-none-40,chens-fo-none-40,chens-cosmetics-cn,forced_open,-,0.005,campaign,0.9866815420100465,0.936302,0.0004725829930976033,44711936,31059968,0,infeasible,infeasible,True,True,
a37bfb24-dff2-44b0-8c7b-c8c910856562,chens-cosmetics-cn|forced_open|-|0.01,chens-cosmetics-cn|forced_open|-|chens-fo-none-40,chens-fo-none-40,chens-cosmetics-cn,forced_open,-,0.01,campaign,1.0037380829453468,0.948437,0.0005473761120811105,44711936,37224448,0,infeasible,infeasible,True,True,
a37bfb24-dff2-44b0-8c7b-c8c910856562,p-median-us|free_choice|-|0.0,p-median-us|free_choice|-|pmus-fc-none-54,pmus-fc-none-54,p-median-us,free_choice,-,0.0,campaign,0.3397458749823272,0.30517,0.0005217080470174551,39026688,59723776,43482017064,optimal,optimality_proven,True,True,
a37bfb24-dff2-44b0-8c7b-c8c910856562,p-median-us|free_choice|-|0.02,p-median-us|free_choice|-|pmus-fc-none-54,pmus-fc-none-54,p-median-us,free_choice,-,0.02,campaign,0.3427238749573007,0.29042,0.0005210830131545663,39010304,58241024,43482017064,optimal,optimality_proven,True,True,
a37bfb24-dff2-44b0-8c7b-c8c910856562,p-median-us|free_choice|-|0.005,p-median-us|free_choice|-|pmus-fc-none-54,pmus-fc-none-54,p-median-us,free_choice,-,0.005,campaign,0.34402112499810755,0.304764,0.0006732500623911619,39010304,47656960,43482017064,optimal,optimality_proven,True,True,
a37bfb24-dff2-44b0-8c7b-c8c910856562,p-median-us|free_choice|-|0.01,p-median-us|free_choice|-|pmus-fc-none-54,pmus-fc-none-54,p-median-us,free_choice,-,0.01,campaign,0.3552330000093207,0.301258,0.0005699580069631338,39010304,62980096,43482017064,optimal,optimality_proven,True,True,
a37bfb24-dff2-44b0-8c7b-c8c910856562,two-echelon-jade-us|free_choice|force|0.005,two-echelon-jade-us|free_choice|force|jade-fc-force-86,jade-fc-force-86,two-echelon-jade-us,free_choice,force,0.005,campaign,3.3585155829787254,3.285043,0.0009406671160832047,64438272,177913856,169061531.3691,optimal,optimality_proven,True,True,
a37bfb24-dff2-44b0-8c7b-c8c910856562,two-echelon-jade-us|free_choice|force|0.02,two-echelon-jade-us|free_choice|force|jade-fc-force-86,jade-fc-force-86,two-echelon-jade-us,free_choice,force,0.02,campaign,3.4237032919190824,3.340114,0.0008808741113170981,64438272,191574016,169061531.3691,optimal,optimality_proven,True,True,
a37bfb24-dff2-44b0-8c7b-c8c910856562,two-echelon-jade-us|free_choice|force|0.01,two-echelon-jade-us|free_choice|force|jade-fc-force-86,jade-fc-force-86,two-echelon-jade-us,free_choice,force,0.01,campaign,2.5103660409804434,2.209707,0.0008134170202538371,64438272,102989824,147054223.4228,no_solution,time_limit,True,True,
a37bfb24-dff2-44b0-8c7b-c8c910856562,two-echelon-jade-us|free_choice|force|0.0,two-echelon-jade-us|free_choice|force|jade-fc-force-86,jade-fc-force-86,two-echelon-jade-us,free_choice,force,0.0,campaign,3.692653959034942,3.532338,0.0009770829929038882,64290816,135053312,169061531.3691,optimal,optimality_proven,True,True,
a37bfb24-dff2-44b0-8c7b-c8c910856562,p-median-us|forced_open|capacity|0.02,p-median-us|forced_open|capacity|pmus-fo-cap-152,pmus-fo-cap-152,p-median-us,forced_open,capacity,0.02,campaign,1.7111286249710247,1.623571,0.0009871670044958591,39043072,70348800,83303553875,feasible,gap_limit,True,True,
a37bfb24-dff2-44b0-8c7b-c8c910856562,p-median-us|forced_open|capacity|0.0,p-median-us|forced_open|capacity|pmus-fo-cap-152,pmus-fo-cap-152,p-median-us,forced_open,capacity,0.0,campaign,1.7279993339907378,1.6498979999999999,0.0009325830033048987,39043072,76795904,83303553875,optimal,optimality_proven,True,True,
a37bfb24-dff2-44b0-8c7b-c8c910856562,p-median-us|forced_open|capacity|0.01,p-median-us|forced_open|capacity|pmus-fo-cap-152,pmus-fo-cap-152,p-median-us,forced_open,capacity,0.01,campaign,1.738871416891925,1.6744139999999998,0.0008528331527486444,39010304,76828672,83303553875,feasible,gap_limit,True,True,
a37bfb24-dff2-44b0-8c7b-c8c910856562,p-median-us|forced_open|capacity|0.005,p-median-us|forced_open|capacity|pmus-fo-cap-152,pmus-fo-cap-152,p-median-us,forced_open,capacity,0.005,campaign,1.7698068339377642,1.6881469999999998,0.0008869989542290568,39124992,67047424,83303553875,feasible,gap_limit,True,True,
a37bfb24-dff2-44b0-8c7b-c8c910856562,two-echelon-gold-au|free_choice|-|0.01,two-echelon-gold-au|free_choice|-|gold-fc-none-146,gold-fc-none-146,two-echelon-gold-au,free_choice,-,0.01,campaign,0.06095333304256201,0.049564,0.0006380840204656124,22331392,8966144,401355.51,optimal,optimality_proven,True,True,
a37bfb24-dff2-44b0-8c7b-c8c910856562,two-echelon-gold-au|free_choice|-|0.0,two-echelon-gold-au|free_choice|-|gold-fc-none-146,gold-fc-none-146,two-echelon-gold-au,free_choice,-,0.0,campaign,0.060713459039106965,0.044473,0.0004917499609291553,22544384,8527872,401355.51,optimal,optimality_proven,True,True,
a37bfb24-dff2-44b0-8c7b-c8c910856562,two-echelon-gold-au|free_choice|-|0.005,two-echelon-gold-au|free_choice|-|gold-fc-none-146,gold-fc-none-146,two-echelon-gold-au,free_choice,-,0.005,campaign,0.06055774993728846,0.044563,0.0004442081553861499,22331392,8523776,401355.51,optimal,optimality_proven,True,True,
a37bfb24-dff2-44b0-8c7b-c8c910856562,two-echelon-gold-au|free_choice|-|0.02,two-echelon-gold-au|free_choice|-|gold-fc-none-146,gold-fc-none-146,two-echelon-gold-au,free_choice,-,0.02,campaign,0.05322420911397785,0.040976,0.00045837380457669497,22331392,8527872,401355.51,optimal,optimality_proven,True,True,
a37bfb24-dff2-44b0-8c7b-c8c910856562,p-median-brazil|free_choice|-|0.005,p-median-brazil|free_choice|-|brazil-fc-none-157,brazil-fc-none-157,p-median-brazil,free_choice,-,0.005,campaign,0.06072216609027237,0.023311,0.0005406260024756193,22118400,0,0,infeasible,infeasible,True,True,
a37bfb24-dff2-44b0-8c7b-c8c910856562,p-median-brazil|free_choice|-|0.0,p-median-brazil|free_choice|-|brazil-fc-none-157,brazil-fc-none-157,p-median-brazil,free_choice,-,0.0,campaign,0.06061108305584639,0.024985,0.0005938339745625854,22118400,0,0,infeasible,infeasible,True,True,
a37bfb24-dff2-44b0-8c7b-c8c910856562,p-median-brazil|free_choice|-|0.02,p-median-brazil|free_choice|-|brazil-fc-none-157,brazil-fc-none-157,p-median-brazil,free_choice,-,0.02,campaign,0.060839499928988516,0.025359999999999997,0.0007352500688284636,22118400,0,0,infeasible,infeasible,True,True,
a37bfb24-dff2-44b0-8c7b-c8c910856562,p-median-brazil|free_choice|-|0.01,p-median-brazil|free_choice|-|brazil-fc-none-157,brazil-fc-none-157,p-median-brazil,free_choice,-,0.01,campaign,0.056725542061030865,0.026269999999999998,0.0009908749489113688,22118400,0,0,infeasible,infeasible,True,True,
a37bfb24-dff2-44b0-8c7b-c8c910856562,two-echelon-gold-au|free_choice|distance|0.005,two-echelon-gold-au|free_choice|distance|gold-fc-distance-90,gold-fc-distance-90,two-echelon-gold-au,free_choice,distance,0.005,campaign,0.1809493750333786,0.050428,0.0016492919530719519,22364160,8527872,398892.43,optimal,optimality_proven,True,True,
a37bfb24-dff2-44b0-8c7b-c8c910856562,two-echelon-gold-au|free_choice|distance|0.01,two-echelon-gold-au|free_choice|distance|gold-fc-distance-90,gold-fc-distance-90,two-echelon-gold-au,free_choice,distance,0.01,campaign,0.05163387500215322,0.042949,0.00045066699385643005,22626304,8527872,398892.43,optimal,optimality_proven,True,True,
a37bfb24-dff2-44b0-8c7b-c8c910856562,two-echelon-gold-au|free_choice|distance|0.0,two-echelon-gold-au|free_choice|distance|gold-fc-distance-90,gold-fc-distance-90,two-echelon-gold-au,free_choice,distance,0.0,campaign,0.060643916949629784,0.04138699999999999,0.0005393329774960876,22364160,8527872,398892.43,optimal,optimality_proven,True,True,
a37bfb24-dff2-44b0-8c7b-c8c910856562,two-echelon-gold-au|free_choice|distance|0.02,two-echelon-gold-au|free_choice|distance|gold-fc-distance-90,gold-fc-distance-90,two-echelon-gold-au,free_choice,distance,0.02,campaign,0.06107366702053696,0.042123,0.0004844579380005598,22364160,8527872,398892.43,optimal,optimality_proven,True,True,
a37bfb24-dff2-44b0-8c7b-c8c910856562,chens-cosmetics-cn|free_choice|distance|0.005,chens-cosmetics-cn|free_choice|distance|chens-fc-distance-147,chens-fc-distance-147,chens-cosmetics-cn,free_choice,distance,0.005,campaign,0.529943541972898,0.48013900000000004,0.0006610830314457417,44761088,30240768,0,infeasible,infeasible,True,True,
a37bfb24-dff2-44b0-8c7b-c8c910856562,chens-cosmetics-cn|free_choice|distance|0.02,chens-cosmetics-cn|free_choice|distance|chens-fc-distance-147,chens-fc-distance-147,chens-cosmetics-cn,free_choice,distance,0.02,campaign,0.5641160829691216,0.49680699999999994,0.000999749987386167,44777472,35495936,0,infeasible,infeasible,True,True,
a37bfb24-dff2-44b0-8c7b-c8c910856562,chens-cosmetics-cn|free_choice|distance|0.0,chens-cosmetics-cn|free_choice|distance|chens-fc-distance-147,chens-fc-distance-147,chens-cosmetics-cn,free_choice,distance,0.0,campaign,0.5245831250213087,0.474668,0.0007993750041350722,44892160,34562048,0,infeasible,infeasible,True,True,
a37bfb24-dff2-44b0-8c7b-c8c910856562,chens-cosmetics-cn|free_choice|distance|0.01,chens-cosmetics-cn|free_choice|distance|chens-fc-distance-147,chens-fc-distance-147,chens-cosmetics-cn,free_choice,distance,0.01,campaign,0.518727874965407,0.47243199999999996,0.0005694580031558871,44761088,32509952,0,infeasible,infeasible,True,True,
a37bfb24-dff2-44b0-8c7b-c8c910856562,p-median-us|forced_open|capacity|0.0,p-median-us|forced_open|capacity|pmus-fo-cap-165,pmus-fo-cap-165,p-median-us,forced_open,capacity,0.0,campaign,3.1387586249038577,2.613282,0.0009001251310110092,39043072,86855680,43891166877,optimal,optimality_proven,True,True,
a37bfb24-dff2-44b0-8c7b-c8c910856562,p-median-us|forced_open|capacity|0.01,p-median-us|forced_open|capacity|pmus-fo-cap-165,pmus-fo-cap-165,p-median-us,forced_open,capacity,0.01,campaign,1.5517985420301557,1.4813550000000002,0.000937832985073328,39223296,77324288,43891166877,feasible,gap_limit,True,True,
a37bfb24-dff2-44b0-8c7b-c8c910856562,p-median-us|forced_open|capacity|0.02,p-median-us|forced_open|capacity|pmus-fo-cap-165,pmus-fo-cap-165,p-median-us,forced_open,capacity,0.02,campaign,1.5532414169283584,1.4858129999999998,0.0013354991097003222,39075840,68587520,43891166877,feasible,gap_limit,True,True,
a37bfb24-dff2-44b0-8c7b-c8c910856562,p-median-us|forced_open|capacity|0.005,p-median-us|forced_open|capacity|pmus-fo-cap-165,pmus-fo-cap-165,p-median-us,forced_open,capacity,0.005,campaign,1.6574107919586822,1.54195,0.003158167004585266,39075840,74600448,43891166877,feasible,gap_limit,True,True,
a37bfb24-dff2-44b0-8c7b-c8c910856562,two-echelon-jade-us|free_choice|demand|0.01,two-echelon-jade-us|free_choice|demand|jade-fc-demand-50,jade-fc-demand-50,two-echelon-jade-us,free_choice,demand,0.01,campaign,3.9419581670081243,3.6730389999999997,0.0015235419850796461,64536576,143802368,168029453.5039,optimal,optimality_proven,True,True,
a37bfb24-dff2-44b0-8c7b-c8c910856562,two-echelon-jade-us|free_choice|demand|0.005,two-echelon-jade-us|free_choice|demand|jade-fc-demand-50,jade-fc-demand-50,two-echelon-jade-us,free_choice,demand,0.005,campaign,3.4545465409755707,3.428571,0.0006582919741049409,64503808,203071488,168029453.5039,optimal,optimality_proven,True,True,
a37bfb24-dff2-44b0-8c7b-c8c910856562,two-echelon-jade-us|free_choice|demand|0.0,two-echelon-jade-us|free_choice|demand|jade-fc-demand-50,jade-fc-demand-50,two-echelon-jade-us,free_choice,demand,0.0,campaign,3.585846749949269,3.498841,0.0009145421208813787,64520192,170020864,168029453.5039,optimal,optimality_proven,True,True,
a37bfb24-dff2-44b0-8c7b-c8c910856562,two-echelon-jade-us|free_choice|demand|0.02,two-echelon-jade-us|free_choice|demand|jade-fc-demand-50,jade-fc-demand-50,two-echelon-jade-us,free_choice,demand,0.02,campaign,3.442975874990225,3.4268340000000004,0.0007007499225437641,64503808,193445888,168029453.5039,optimal,optimality_proven,True,True,
a37bfb24-dff2-44b0-8c7b-c8c910856562,two-echelon-jade-us|free_choice|capacity|0.01,two-echelon-jade-us|free_choice|capacity|jade-fc-capacity-46,jade-fc-capacity-46,two-echelon-jade-us,free_choice,capacity,0.01,campaign,3.220379624981433,3.162734,0.0008544579613953829,64503808,175112192,144647433.2261,optimal,optimality_proven,True,True,
a37bfb24-dff2-44b0-8c7b-c8c910856562,two-echelon-jade-us|free_choice|capacity|0.02,two-echelon-jade-us|free_choice|capacity|jade-fc-capacity-46,jade-fc-capacity-46,two-echelon-jade-us,free_choice,capacity,0.02,campaign,3.2696747080190107,3.16269,0.0010163340484723449,64503808,191025152,144647433.2261,optimal,optimality_proven,True,True,
a37bfb24-dff2-44b0-8c7b-c8c910856562,two-echelon-jade-us|free_choice|capacity|0.0,two-echelon-jade-us|free_choice|capacity|jade-fc-capacity-46,jade-fc-capacity-46,two-echelon-jade-us,free_choice,capacity,0.0,campaign,3.2631922499276698,3.1973789999999997,0.0009963330812752247,64503808,157573120,144647433.2261,optimal,optimality_proven,True,True,
a37bfb24-dff2-44b0-8c7b-c8c910856562,two-echelon-jade-us|free_choice|capacity|0.005,two-echelon-jade-us|free_choice|capacity|jade-fc-capacity-46,jade-fc-capacity-46,two-echelon-jade-us,free_choice,capacity,0.005,campaign,3.4199997080722824,3.392804,0.0011454588966444135,64503808,203419648,144647433.2261,optimal,optimality_proven,True,True,
a37bfb24-dff2-44b0-8c7b-c8c910856562,transport-coal|free_choice|-|0.02,transport-coal|free_choice|-|coal-fc-none-8,coal-fc-none-8,transport-coal,free_choice,-,0.02,campaign,0.06072425004094839,0.040369999999999996,0.0006032498786225915,22331392,6029312,38178028000,optimal,optimality_proven,True,True,
a37bfb24-dff2-44b0-8c7b-c8c910856562,transport-coal|free_choice|-|0.005,transport-coal|free_choice|-|coal-fc-none-8,coal-fc-none-8,transport-coal,free_choice,-,0.005,campaign,0.06071458291262388,0.036566999999999995,0.0011272500269114971,22331392,6029312,38178028000,optimal,optimality_proven,True,True,
a37bfb24-dff2-44b0-8c7b-c8c910856562,transport-coal|free_choice|-|0.01,transport-coal|free_choice|-|coal-fc-none-8,coal-fc-none-8,transport-coal,free_choice,-,0.01,campaign,0.05762408406008035,0.036925999999999994,0.0005962488939985633,22331392,6029312,38178028000,optimal,optimality_proven,True,True,
a37bfb24-dff2-44b0-8c7b-c8c910856562,transport-coal|free_choice|-|0.0,transport-coal|free_choice|-|coal-fc-none-8,coal-fc-none-8,transport-coal,free_choice,-,0.0,campaign,0.06070454197470099,0.037348,0.0006275830091908574,22331392,6029312,38178028000,optimal,optimality_proven,True,True,
a37bfb24-dff2-44b0-8c7b-c8c910856562,chens-cosmetics-cn|forced_open|-|0.005,chens-cosmetics-cn|forced_open|-|chens-fo-none-142,chens-fo-none-142,chens-cosmetics-cn,forced_open,-,0.005,campaign,0.4625166669720784,0.433009,0.00045104103628546,44761088,30502912,0,infeasible,infeasible,True,True,
a37bfb24-dff2-44b0-8c7b-c8c910856562,chens-cosmetics-cn|forced_open|-|0.01,chens-cosmetics-cn|forced_open|-|chens-fo-none-142,chens-fo-none-142,chens-cosmetics-cn,forced_open,-,0.01,campaign,0.45960858406033367,0.43715899999999996,0.0004881239729002118,44843008,23031808,0,infeasible,infeasible,True,True,
a37bfb24-dff2-44b0-8c7b-c8c910856562,chens-cosmetics-cn|forced_open|-|0.02,chens-cosmetics-cn|forced_open|-|chens-fo-none-142,chens-fo-none-142,chens-cosmetics-cn,forced_open,-,0.02,campaign,0.46134854201227427,0.43649,0.00046737492084503174,44761088,20336640,0,infeasible,infeasible,True,True,
a37bfb24-dff2-44b0-8c7b-c8c910856562,chens-cosmetics-cn|forced_open|-|0.0,chens-cosmetics-cn|forced_open|-|chens-fo-none-142,chens-fo-none-142,chens-cosmetics-cn,forced_open,-,0.0,campaign,0.7541456249309704,0.476606,0.0029947080183774233,44761088,33861632,0,infeasible,infeasible,True,True,
